name,manufacturer,serving_size,energy_kcal,protein_g,carbohydrate_g,fat_g,sugar_g,sodium_mg,fiber_g,energy_percentage_dv,protein_percentage_dv,carbohydrate_percentage_dv,fat_percentage_dv,sodium_percentage_dv,Lemak jenuh,Natrium,Protein,Karbohidrat total,Energi,Lemak total,Serat pangan,serving_size_g,serving_size_issue,serving_size_g_clean,risk_energy,risk_fat_total,risk_saturated_fat,risk_sodium,risk_sugar,label_konsumsi,alasan_label,garam_g_estimasi,risk_energy_score,risk_fat_total_score,risk_saturated_fat_score,risk_sodium_score,risk_sugar_score,total_risk_score,persen_akg_energi,persen_akg_protein,persen_akg_lemak_total,persen_akg_karbohidrat,persen_akg_serat,persen_akg_natrium,persen_akg_garam,manufacturer_clean
Marie duo,Tidak Diketahui,1 g,15.0,1.0,14.0,3.5,5.0,85.0,1.0,4.19,1.67,4.31,5.22,5.67,10.0,6.0,0.0,0.0,0.0,0.0,0.0,1.0,0,1.0,Aman,Aman,Batasi,Aman,Aman,Batasi,lemak jenuh %AKG sedang (10.00%),0.2125,0,0,1,0,0,1,0.57,1.54,4.67,3.26,2.7,5.67,5.67,Tidak Diketahui
Coklat silverqueen almond,PT. Petra food indonesia,4 g,170.0,4.0,14.0,11.0,11.0,0.0,0.0,7.91,6.67,4.31,16.42,0.0,0.0,0.0,7.0,0.0,8.0,17.0,0.0,4.0,0,4.0,Aman,Batasi,Aman,Aman,Batasi,Batasi,lemak total %AKG sedang (16.42%); gula sedang (11.00 g),0.0,0,1,0,0,1,2,6.42,6.15,14.67,3.26,0.0,0.0,0.0,PT. Petra food indonesia
Kopi hitam tanpa gula,Tidak Diketahui,0.28 g,2.0,0.28,0.09,0.05,0.0,0.0,0.0,0.09,0.47,0.03,0.07,0.0,0.0,0.0,1.0,0.0,1.0,1.0,0.0,0.28,0,0.28,Aman,Aman,Aman,Aman,Aman,Aman,kandungan pembatas relatif rendah,0.0,0,0,0,0,0,0,0.08,0.43,0.07,0.02,0.0,0.0,0.0,Tidak Diketahui
Regal Biskuit Marie,CV. JAYA ABADI,1 g,70.0,1.0,12.0,2.0,0.0,45.0,0.0,3.26,1.67,3.69,2.99,3.0,0.0,3.0,0.0,4.0,4.0,0.0,0.0,1.0,0,1.0,Aman,Aman,Aman,Aman,Aman,Aman,kandungan pembatas relatif rendah,0.1125,0,0,0,0,0,0,2.64,1.54,2.67,2.79,0.0,3.0,3.0,CV. JAYA ABADI
Susu ultra milk rasa coklat 200 ml,PT. Ultrajaya Milk Industy,6 g,160.0,6.0,24.0,4.0,0.0,45.0,0.0,7.44,10.0,7.38,5.97,3.0,15.0,0.0,10.0,0.0,8.0,0.0,0.0,6.0,0,6.0,Aman,Aman,Batasi,Aman,Aman,Batasi,lemak jenuh %AKG sedang (15.00%),0.1125,0,0,1,0,0,1,6.04,9.23,5.33,5.58,0.0,3.0,3.0,PT. Ultrajaya Milk Industy
Frisian flag putih (kental manis),PT. Frisian Flag Indonesia,1 g,140.0,1.0,23.0,4.0,19.0,0.0,0.0,6.51,1.67,7.08,5.97,0.0,0.0,0.0,0.0,8.0,7.0,6.0,0.0,1.0,0,1.0,Aman,Aman,Aman,Aman,Batasi,Batasi,gula sedang (19.00 g),0.0,0,0,0,0,1,1,5.28,1.54,5.33,5.35,0.0,0.0,0.0,PT. Frisian Flag Indonesia
Sedaap Kecap Manis,PT. BUMI ALAM SEGAR,1 g,70.0,1.0,16.0,0.0,13.0,290.0,0.0,3.26,1.67,4.92,0.0,19.33,0.0,20.0,0.0,5.0,4.0,0.0,0.0,1.0,0,1.0,Aman,Aman,Aman,Batasi,Batasi,Batasi,natrium %AKG sedang (19.33%); gula sedang (13.00 g),0.725,0,0,0,1,1,2,2.64,1.54,0.0,3.72,0.0,19.33,19.33,PT. BUMI ALAM SEGAR
Es krim Diamond vanilla,PT. Sukanda djaya,2 g,110.0,2.0,12.0,6.0,9.0,0.0,0.0,5.12,3.33,3.69,8.96,0.0,0.0,0.0,0.0,4.0,6.0,9.0,0.0,2.0,0,2.0,Aman,Aman,Aman,Aman,Aman,Aman,kandungan pembatas relatif rendah,0.0,0,0,0,0,0,0,4.15,3.08,8.0,2.79,0.0,0.0,0.0,PT. Sukanda djaya
Saus Char siu (chinese BBQ),Tidak Diketahui,0 g,60.0,0.0,14.0,0.0,13.0,0.0,0.0,2.79,0.0,4.31,0.0,0.0,0.0,0.0,0.0,5.0,3.0,0.0,0.0,0.0,1,2.0,Aman,Aman,Aman,Aman,Batasi,Batasi,gula sedang (13.00 g),0.0,0,0,0,0,1,1,2.26,0.0,0.0,3.26,0.0,0.0,0.0,Tidak Diketahui
Biokul natural set yogurt,PT. Sukanda djaya,5 g,70.0,5.0,10.0,1.0,3.0,0.0,0.0,3.26,8.33,3.08,1.49,0.0,0.0,0.0,9.0,4.0,4.0,0.0,0.0,5.0,0,5.0,Aman,Aman,Aman,Aman,Aman,Aman,kandungan pembatas relatif rendah,0.0,0,0,0,0,0,0,2.64,7.69,1.33,2.33,0.0,0.0,0.0,PT. Sukanda djaya
Sarden ABC saus tomat,PT. ABC Heinz Indonesia,12 g,100.0,12.0,9.0,2.0,2.0,0.0,0.0,4.65,20.0,2.77,2.99,0.0,0.0,0.0,20.0,0.0,5.0,3.0,0.0,12.0,0,12.0,Aman,Aman,Aman,Aman,Aman,Aman,kandungan pembatas relatif rendah,0.0,0,0,0,0,0,0,3.77,18.46,2.67,2.09,0.0,0.0,0.0,PT. ABC Heinz Indonesia
You C100 Orange water,PT. Djojonegoro,0 g,160.0,0.0,40.0,0.0,40.0,0.0,0.0,7.44,0.0,12.31,0.0,0.0,0.0,0.0,0.0,13.0,8.0,0.0,0.0,0.0,1,2.0,Aman,Aman,Aman,Aman,Waspada,Waspada,gula tinggi (40.00 g),0.0,0,0,0,0,2,2,6.04,0.0,0.0,9.3,0.0,0.0,0.0,PT. Djojonegoro
Diamond Milk Susu UHT Full Cream,PT. Diamond Cold Storage,6 g,120.0,6.0,10.0,6.0,0.0,100.0,0.0,5.58,10.0,3.08,8.96,6.67,0.0,7.0,10.0,0.0,0.0,9.0,0.0,6.0,0,6.0,Aman,Aman,Aman,Aman,Aman,Aman,kandungan pembatas relatif rendah,0.25,0,0,0,0,0,0,4.53,9.23,8.0,2.33,0.0,6.67,6.67,PT. Diamond Cold Storage
Susu Ultra Milk Rasa coklat 1000 ml,"PT. Ultrajaya Milk Industry, Tbk",8 g,45.0,8.0,30.0,5.0,24.0,55.0,0.0,9.3,13.33,9.23,7.46,3.67,20.0,0.0,14.0,0.0,10.0,0.0,0.0,8.0,0,8.0,Aman,Aman,Waspada,Aman,Waspada,Waspada,lemak jenuh %AKG tinggi (20.00%); gula tinggi (24.00 g),0.1375,0,0,2,0,2,4,1.7,12.31,6.67,6.98,0.0,3.67,3.67,PT. Ultrajaya Milk Industry Tbk.
Nutrisari Yuzu Orange,PT. Nutrifood Indonesia,0 g,45.0,0.0,10.0,0.0,9.0,20.0,0.0,2.09,0.0,3.08,0.0,1.33,0.0,0.0,0.0,0.0,0.0,0.0,0.0,0.0,1,2.0,Aman,Aman,Aman,Aman,Aman,Aman,kandungan pembatas relatif rendah,0.05,0,0,0,0,0,0,1.7,0.0,0.0,2.33,0.0,1.33,1.33,PT. Nutrifood Indonesia
nestle honey star sereal,PT. Nestle Indonesia,1 g,110.0,1.0,25.0,1.0,0.0,10.0,0.0,5.12,1.67,7.69,1.49,0.67,0.0,0.0,2.0,8.0,6.0,0.0,0.0,1.0,0,1.0,Aman,Aman,Aman,Aman,Aman,Aman,kandungan pembatas relatif rendah,0.025,0,0,0,0,0,0,4.15,1.54,1.33,5.81,0.0,0.67,0.67,PT. Nestle Indonesia
Es krim Wall's oreo chocolate,PT. Andrawina Darma Manunggal Mulya,1 g,140.0,2.0,21.0,4.0,15.0,0.0,1.0,6.51,3.33,6.46,5.97,0.0,0.0,0.0,0.0,7.0,7.0,6.0,0.0,1.0,0,1.0,Aman,Aman,Aman,Aman,Batasi,Batasi,gula sedang (15.00 g),0.0,0,0,0,0,1,1,5.28,3.08,5.33,4.88,2.7,0.0,0.0,PT. Andrawina Darma Manunggal Mulya
Sarimi isi 2 ayam bawang,PT. SARIMI ASLI JAYA,3 g,510.0,13.0,70.0,20.0,3.0,0.0,3.0,23.72,21.67,21.54,29.85,0.0,0.0,0.0,22.0,0.0,24.0,30.0,0.0,3.0,0,3.0,Waspada,Waspada,Aman,Aman,Aman,Waspada,energi %AKG tinggi (23.72%); lemak total %AKG tinggi (29.85%),0.0,2,2,0,0,0,4,19.25,20.0,26.67,16.28,8.11,0.0,0.0,PT. SARIMI ASLI JAYA
Mie Kuah Gaga 100 Xtra Pedas  Jalapeno,Tidak Diketahui,9 g,120.0,9.0,43.0,13.0,2.0,1320.0,0.0,15.35,15.0,13.23,19.4,88.0,0.0,88.0,0.0,0.0,16.0,20.0,0.0,9.0,0,9.0,Batasi,Batasi,Aman,Waspada,Aman,Waspada,energi %AKG sedang (15.35%); lemak total %AKG sedang (19.40%); natrium %AKG tinggi (88.00%),3.3,1,1,0,2,0,4,4.53,13.85,17.33,10.0,0.0,88.0,88.0,Tidak Diketahui
Kin bulgarian style yogurt strawberry,PT. ABC kogyn dairy,4 g,35.0,4.0,29.0,3.5,27.0,50.0,0.0,7.91,6.67,8.92,5.22,3.33,0.0,0.0,7.0,9.0,8.0,0.0,0.0,4.0,0,4.0,Aman,Aman,Aman,Aman,Waspada,Waspada,gula tinggi (27.00 g),0.125,0,0,0,0,2,2,1.32,6.15,4.67,6.74,0.0,3.33,3.33,PT. ABC kogyn dairy
Qtela Tempe,PT. Indofood CBP Sukses Makmur Tbk.,4 g,110.0,4.0,8.0,7.0,0.0,0.0,0.0,5.12,6.67,2.46,10.45,0.0,0.0,0.0,7.0,0.0,6.0,11.0,0.0,4.0,0,4.0,Aman,Batasi,Aman,Aman,Aman,Batasi,lemak total %AKG sedang (10.45%),0.0,0,1,0,0,0,1,4.15,6.15,9.33,1.86,0.0,0.0,0.0,PT. Indofood CBP Sukses Makmur Tbk.
Marie salut cokelat,PT. KHONG GUAN,1 g,90.0,1.0,13.0,3.5,6.0,35.0,0.0,4.19,1.67,4.0,5.22,2.33,0.0,0.0,0.0,4.0,5.0,6.0,0.0,1.0,0,1.0,Aman,Aman,Aman,Aman,Aman,Aman,kandungan pembatas relatif rendah,0.0875,0,0,0,0,0,0,3.4,1.54,4.67,3.02,0.0,2.33,2.33,PT. KHONG GUAN
Nabati HANSEL,Tidak Diketahui,2 g,70.0,2.0,7.0,4.0,5.0,30.0,0.0,3.26,3.33,2.15,5.97,2.0,15.0,0.0,4.0,0.0,0.0,6.0,0.0,2.0,0,2.0,Aman,Aman,Batasi,Aman,Aman,Batasi,lemak jenuh %AKG sedang (15.00%),0.075,0,0,1,0,0,1,2.64,3.08,5.33,1.63,0.0,2.0,2.0,Tidak Diketahui
Mr. Bread Roti tawar gandum,PT. Mr. Bread Company,2.50 g,199.0,7.0,36.0,3.0,2.0,487.0,2.5,9.26,11.67,11.08,4.48,32.47,0.0,33.0,12.0,12.0,0.0,0.0,0.0,2.5,0,2.5,Aman,Aman,Aman,Waspada,Aman,Waspada,natrium %AKG tinggi (32.47%),1.2175,0,0,0,2,0,2,7.51,10.77,4.0,8.37,6.76,32.47,32.47,PT. Mr. Bread Company
Permen frozz mint,PT. Konimex,0 g,0.0,0.0,1.0,0.0,0.0,0.0,0.0,0.0,0.0,0.31,0.0,0.0,0.0,0.0,0.0,1.0,0.0,0.0,0.0,0.0,1,2.0,Aman,Aman,Aman,Aman,Aman,Aman,kandungan pembatas relatif rendah,0.0,0,0,0,0,0,0,0.0,0.0,0.0,0.23,0.0,0.0,0.0,PT. Konimex
Frisian flag french vanilla low fat,PT. Frisian Flag Indonesia,7 g,110.0,7.0,16.0,2.5,16.0,110.0,0.0,5.12,11.67,4.92,3.73,7.33,0.0,8.0,12.0,0.0,6.0,0.0,0.0,7.0,0,7.0,Aman,Aman,Aman,Aman,Batasi,Batasi,gula sedang (16.00 g),0.275,0,0,0,0,1,1,4.15,10.77,3.33,3.72,0.0,7.33,7.33,PT. Frisian Flag Indonesia
Saori Saus Tiram,Tidak Diketahui,0 g,5.0,0.0,2.0,0.0,0.0,290.0,0.0,0.23,0.0,0.62,0.0,19.33,0.0,20.0,0.0,1.0,1.0,0.0,0.0,0.0,1,2.0,Aman,Aman,Aman,Batasi,Aman,Batasi,natrium %AKG sedang (19.33%),0.725,0,0,0,1,0,1,0.19,0.0,0.0,0.47,0.0,19.33,19.33,Tidak Diketahui
Mie Lemonilo ayam bawang,PT. Lemonilo Indonesia Sehat,3 g,267.0,9.0,49.0,4.0,1.0,948.0,3.0,12.42,15.0,15.08,5.97,63.2,0.0,64.0,15.0,16.0,0.0,0.0,0.0,3.0,0,3.0,Batasi,Aman,Aman,Waspada,Aman,Waspada,energi %AKG sedang (12.42%); natrium %AKG tinggi (63.20%),2.37,1,0,0,2,0,3,10.08,13.85,5.33,11.4,8.11,63.2,63.2,PT. Lemonilo Indonesia Sehat
Supermi ayam Bawang,PT. Indofood CBP Sukses Makmur Tbk,4 g,130.0,7.0,46.0,15.0,2.0,1030.0,4.0,15.81,11.67,14.15,22.39,68.67,40.0,69.0,0.0,0.0,0.0,23.0,0.0,4.0,0,4.0,Batasi,Waspada,Waspada,Waspada,Aman,Waspada,energi %AKG sedang (15.81%); lemak total %AKG tinggi (22.39%); lemak jenuh %AKG tinggi (40.00%); natrium %AKG tinggi (68.67%),2.575,1,2,2,2,0,7,4.91,10.77,20.0,10.7,10.81,68.67,68.67,PT. Indofood CBP Sukses Makmur Tbk.
Coco pops,Tidak Diketahui,1 g,120.0,2.0,26.0,0.5,12.0,0.0,1.0,5.58,3.33,8.0,0.75,0.0,0.0,0.0,4.0,8.0,6.0,0.0,0.0,1.0,0,1.0,Aman,Aman,Aman,Aman,Batasi,Batasi,gula sedang (12.00 g),0.0,0,0,0,0,1,1,4.53,3.08,0.67,6.05,2.7,0.0,0.0,Tidak Diketahui
Permen mentos peppermint,Tidak Diketahui,0 g,5.0,0.0,1.0,0.0,0.0,0.0,0.0,0.23,0.0,0.31,0.0,0.0,0.0,0.0,0.0,1.0,1.0,0.0,0.0,0.0,1,2.0,Aman,Aman,Aman,Aman,Aman,Aman,kandungan pembatas relatif rendah,0.0,0,0,0,0,0,0,0.19,0.0,0.0,0.23,0.0,0.0,0.0,Tidak Diketahui
Pop mie kuah pedes dower,PT. Indofood CBP Sukses Makmur Tbk.,3 g,360.0,6.0,46.0,16.0,4.0,0.0,3.0,16.74,10.0,14.15,23.88,0.0,0.0,0.0,0.0,15.0,17.0,24.0,0.0,3.0,0,3.0,Batasi,Waspada,Aman,Aman,Aman,Waspada,energi %AKG sedang (16.74%); lemak total %AKG tinggi (23.88%),0.0,1,2,0,0,0,3,13.58,9.23,21.33,10.7,8.11,0.0,0.0,PT. Indofood CBP Sukses Makmur Tbk.
Ultramilk law fat source of calcium,"PT. Ultrajaya Milk Industry, Tbk",7 g,90.0,7.0,11.0,2.5,0.0,105.0,0.0,4.19,11.67,3.38,3.73,7.0,0.0,0.0,0.0,0.0,0.0,0.0,0.0,7.0,0,7.0,Aman,Aman,Aman,Aman,Aman,Aman,kandungan pembatas relatif rendah,0.2625,0,0,0,0,0,0,3.4,10.77,3.33,2.56,0.0,7.0,7.0,PT. Ultrajaya Milk Industry Tbk.
Es teh manis,Tidak Diketahui,0.02 g,90.0,0.02,23.44,0.0,0.0,0.0,0.0,4.19,0.03,7.21,0.0,0.0,0.0,0.0,1.0,8.0,5.0,0.0,0.0,0.02,0,0.02,Aman,Aman,Aman,Aman,Aman,Aman,kandungan pembatas relatif rendah,0.0,0,0,0,0,0,0,3.4,0.03,0.0,5.45,0.0,0.0,0.0,Tidak Diketahui
Keju cheddar,Tidak Diketahui,22.87 g,404.0,22.87,3.09,33.31,0.0,0.0,0.0,18.79,38.12,0.95,49.72,0.0,0.0,0.0,39.0,0.0,19.0,50.0,0.0,22.87,0,22.87,Batasi,Waspada,Aman,Aman,Aman,Waspada,energi %AKG sedang (18.79%); lemak total %AKG tinggi (49.72%),0.0,1,2,0,0,0,3,15.25,35.18,44.41,0.72,0.0,0.0,0.0,Tidak Diketahui
Keju kraft cheddar,PT. Kraft foods Indonesia,4 g,70.0,4.0,2.0,5.0,0.0,0.0,0.0,3.26,6.67,0.62,7.46,0.0,0.0,0.0,7.0,0.0,4.0,8.0,0.0,4.0,0,4.0,Aman,Aman,Aman,Aman,Aman,Aman,kandungan pembatas relatif rendah,0.0,0,0,0,0,0,0,2.64,6.15,6.67,0.47,0.0,0.0,0.0,PT. Kraft foods Indonesia
Good day cappuccino,PT. Santos jaya abadi,1 g,170.0,1.0,32.0,3.5,25.0,0.0,1.0,7.91,1.67,9.85,5.22,0.0,0.0,0.0,0.0,10.0,8.0,6.0,0.0,1.0,0,1.0,Aman,Aman,Aman,Aman,Waspada,Waspada,gula tinggi (25.00 g),0.0,0,0,0,0,2,2,6.42,1.54,4.67,7.44,2.7,0.0,0.0,PT. Santos jaya abadi
Khong guan malkist seaweed,Tidak Diketahui,1 g,90.0,1.0,12.0,3.5,2.0,0.0,0.0,4.19,1.67,3.69,5.22,0.0,0.0,0.0,0.0,4.0,5.0,6.0,0.0,1.0,0,1.0,Aman,Aman,Aman,Aman,Aman,Aman,kandungan pembatas relatif rendah,0.0,0,0,0,0,0,0,3.4,1.54,4.67,2.79,0.0,0.0,0.0,Tidak Diketahui
Pocari sweat,PT. Amerta indah otsuka,0 g,70.0,0.0,17.0,0.0,16.0,0.0,0.0,3.26,0.0,5.23,0.0,0.0,0.0,0.0,0.0,6.0,4.0,0.0,0.0,0.0,1,2.0,Aman,Aman,Aman,Aman,Batasi,Batasi,gula sedang (16.00 g),0.0,0,0,0,0,1,1,2.64,0.0,0.0,3.95,0.0,0.0,0.0,PT. Amerta indah otsuka
Royco sup krim ayam,Tidak Diketahui,2 g,50.0,2.0,9.0,1.0,2.0,710.0,0.0,2.33,3.33,2.77,1.49,47.33,0.0,48.0,4.0,3.0,0.0,0.0,0.0,2.0,0,2.0,Aman,Aman,Aman,Waspada,Aman,Waspada,natrium %AKG tinggi (47.33%),1.775,0,0,0,2,0,2,1.89,3.08,1.33,2.09,0.0,47.33,47.33,Tidak Diketahui
Adem sari herbal lemon,PT. Hokkan Indonesia,0 g,60.0,0.0,16.0,0.0,14.0,65.0,0.0,2.79,0.0,4.92,0.0,4.33,0.0,5.0,0.0,5.0,3.0,0.0,0.0,0.0,1,2.0,Aman,Aman,Aman,Aman,Batasi,Batasi,gula sedang (14.00 g),0.1625,0,0,0,0,1,1,2.26,0.0,0.0,3.72,0.0,4.33,4.33,PT. Hokkan Indonesia
Gekikara ramen 109 gram,PT. nissin food indonesia,6 g,160.0,9.0,74.0,18.0,4.0,1200.0,6.0,23.26,15.0,22.77,26.87,80.0,45.0,80.0,0.0,0.0,0.0,27.0,0.0,6.0,0,6.0,Waspada,Waspada,Waspada,Waspada,Aman,Waspada,energi %AKG tinggi (23.26%); lemak total %AKG tinggi (26.87%); lemak jenuh %AKG tinggi (45.00%); natrium %AKG tinggi (80.00%),3.0,2,2,2,2,0,8,6.04,13.85,24.0,17.21,16.22,80.0,80.0,PT. nissin food indonesia
Kopi Indocafe coffemix 3 in 1,PT. Sari Incofood,1 g,90.0,1.0,17.0,2.0,13.0,0.0,0.0,4.19,1.67,5.23,2.99,0.0,0.0,0.0,0.0,6.0,5.0,3.0,0.0,1.0,0,1.0,Aman,Aman,Aman,Aman,Batasi,Batasi,gula sedang (13.00 g),0.0,0,0,0,0,1,1,3.4,1.54,2.67,3.95,0.0,0.0,0.0,PT. Sari Incofood
Sprite 390 ml,PT. Coca-cola bottling indonesia,0 g,0.0,0.0,25.0,0.0,25.0,40.0,0.0,4.65,0.0,7.69,0.0,2.67,0.0,3.0,0.0,8.0,5.0,0.0,0.0,0.0,1,2.0,Aman,Aman,Aman,Aman,Waspada,Waspada,gula tinggi (25.00 g),0.1,0,0,0,0,2,2,0.0,0.0,0.0,5.81,0.0,2.67,2.67,PT. Coca-cola bottling indonesia
Nutri boost orange,Tidak Diketahui,2 g,170.0,2.0,37.0,1.5,0.0,180.0,0.0,7.91,3.33,11.38,2.24,12.0,0.0,12.0,0.0,12.0,8.0,0.0,0.0,2.0,0,2.0,Aman,Aman,Aman,Batasi,Aman,Batasi,natrium %AKG sedang (12.00%),0.45,0,0,0,1,0,1,6.42,3.08,2.0,8.6,0.0,12.0,12.0,Tidak Diketahui
Mr. Bread Roti tawar choco chips,PT. Mr. Bread Company,2 g,227.0,7.0,38.5,5.0,8.0,286.0,2.0,10.56,11.67,11.85,7.46,19.07,0.0,20.0,12.0,12.0,0.0,0.0,0.0,2.0,0,2.0,Batasi,Aman,Aman,Batasi,Aman,Batasi,energi %AKG sedang (10.56%); natrium %AKG sedang (19.07%),0.715,1,0,0,1,0,2,8.57,10.77,6.67,8.95,5.41,19.07,19.07,PT. Mr. Bread Company
Royco kaldu sapi,PT. Unilever Indonesia,0 g,0.0,0.0,0.0,0.0,0.0,0.0,0.0,0.0,0.0,0.0,0.0,0.0,0.0,0.0,0.0,0.0,0.0,0.0,0.0,0.0,1,2.0,Aman,Aman,Aman,Aman,Aman,Aman,kandungan pembatas relatif rendah,0.0,0,0,0,0,0,0,0.0,0.0,0.0,0.0,0.0,0.0,0.0,PT. Unilever Indonesia
Frisian Flag kental manis kemasan ekonomis 560 gram,PT. Frisian Flag Indonesia,1 g,140.0,1.0,23.0,40.0,19.0,25.0,0.0,6.51,1.67,7.08,59.7,1.67,8.0,0.0,0.0,8.0,0.0,60.0,0.0,1.0,0,1.0,Aman,Waspada,Aman,Aman,Batasi,Waspada,lemak total %AKG tinggi (59.70%); gula sedang (19.00 g),0.0625,0,2,0,0,1,3,5.28,1.54,53.33,5.35,0.0,1.67,1.67,PT. Frisian Flag Indonesia
Starbucks hot caffe latte (notfat milk),Tidak Diketahui,13 g,130.0,13.0,20.0,0.0,0.0,0.0,0.0,6.05,21.67,6.15,0.0,0.0,0.0,0.0,22.0,7.0,7.0,0.0,0.0,13.0,0,13.0,Aman,Aman,Aman,Aman,Aman,Aman,kandungan pembatas relatif rendah,0.0,0,0,0,0,0,0,4.91,20.0,0.0,4.65,0.0,0.0,0.0,Tidak Diketahui
Chitato keripik kentang rasa original,PT. Indofood CBP Sukses Makmur Tbk.,1 g,100.0,1.0,12.0,5.0,0.0,60.0,0.0,4.65,1.67,3.69,7.46,4.0,0.0,4.0,0.0,0.0,5.0,8.0,0.0,1.0,0,1.0,Aman,Aman,Aman,Aman,Aman,Aman,kandungan pembatas relatif rendah,0.15,0,0,0,0,0,0,3.77,1.54,6.67,2.79,0.0,4.0,4.0,PT. Indofood CBP Sukses Makmur Tbk.
Khong Guan Malkist abon,PT. KHONG GUAN,2 g,80.0,2.0,13.0,3.0,3.0,0.0,0.0,3.72,3.33,4.0,4.48,0.0,0.0,0.0,0.0,4.0,4.0,5.0,0.0,2.0,0,2.0,Aman,Aman,Aman,Aman,Aman,Aman,kandungan pembatas relatif rendah,0.0,0,0,0,0,0,0,3.02,3.08,4.0,3.02,0.0,0.0,0.0,PT. KHONG GUAN
Oreo,PT.Kraft foods,1 g,140.0,1.0,21.0,6.0,11.0,0.0,1.0,6.51,1.67,6.46,8.96,0.0,0.0,0.0,0.0,7.0,7.0,9.0,0.0,1.0,0,1.0,Aman,Aman,Aman,Aman,Batasi,Batasi,gula sedang (11.00 g),0.0,0,0,0,0,1,1,5.28,1.54,8.0,4.88,2.7,0.0,0.0,PT. Kraft foods
Sedaap Tasty bakmi ayam geprek matah,PT. Karunia Alam Segar,6 g,190.0,14.0,81.0,21.0,2.0,870.0,6.0,8.84,23.33,24.92,31.34,58.0,45.0,58.0,0.0,0.0,0.0,32.0,0.0,6.0,0,6.0,Aman,Waspada,Waspada,Waspada,Aman,Waspada,lemak total %AKG tinggi (31.34%); lemak jenuh %AKG tinggi (45.00%); natrium %AKG tinggi (58.00%),2.175,0,2,2,2,0,6,7.17,21.54,28.0,18.84,16.22,58.0,58.0,PT. Karunia Alam Segar
Saus sambal ABC,PT. ABC Heinz Indonesia,0 g,28.0,0.0,6.0,0.0,5.0,0.0,0.0,1.3,0.0,1.85,0.0,0.0,0.0,0.0,0.0,2.0,2.0,0.0,0.0,0.0,1,2.0,Aman,Aman,Aman,Aman,Aman,Aman,kandungan pembatas relatif rendah,0.0,0,0,0,0,0,0,1.06,0.0,0.0,1.4,0.0,0.0,0.0,PT. ABC Heinz Indonesia
Coklat Hershey's kisses milk chocolate,Tidak Diketahui,0.10 g,22.0,0.3,2.8,1.3,2.6,0.0,0.1,1.02,0.5,0.86,1.94,0.0,0.0,0.0,0.0,1.0,2.0,2.0,0.0,0.1,0,0.1,Aman,Aman,Aman,Aman,Aman,Aman,kandungan pembatas relatif rendah,0.0,0,0,0,0,0,0,0.83,0.46,1.73,0.65,0.27,0.0,0.0,Tidak Diketahui
Chitato fresh potato,PT. Indofood CBP Sukses Makmur Tbk.,1 g,110.0,1.0,12.0,6.0,0.0,0.0,0.0,5.12,1.67,3.69,8.96,0.0,0.0,0.0,0.0,4.0,6.0,9.0,0.0,1.0,0,1.0,Aman,Aman,Aman,Aman,Aman,Aman,kandungan pembatas relatif rendah,0.0,0,0,0,0,0,0,4.15,1.54,8.0,2.79,0.0,0.0,0.0,PT. Indofood CBP Sukses Makmur Tbk.
good day mocacino,PT. Santos jaya abadi,1 g,90.0,1.0,16.0,2.0,13.0,10.0,1.0,4.19,1.67,4.92,2.99,0.67,10.0,0.0,0.0,5.0,5.0,0.0,0.0,1.0,0,1.0,Aman,Aman,Batasi,Aman,Batasi,Batasi,lemak jenuh %AKG sedang (10.00%); gula sedang (13.00 g),0.025,0,0,1,0,1,2,3.4,1.54,2.67,3.72,2.7,0.67,0.67,PT. Santos jaya abadi
Teh botol sosro original,PT.Sinar Sosro,0 g,140.0,0.0,34.0,0.0,32.0,0.0,0.0,6.51,0.0,10.46,0.0,0.0,0.0,0.0,0.0,11.0,7.0,0.0,0.0,0.0,1,2.0,Aman,Aman,Aman,Aman,Waspada,Waspada,gula tinggi (32.00 g),0.0,0,0,0,0,2,2,5.28,0.0,0.0,7.91,0.0,0.0,0.0,PT. Sinar Sosro
Goodday Funtastic mocacinno,Tidak Diketahui,8 g,140.0,3.0,26.0,2.5,18.0,75.0,8.0,6.51,5.0,8.0,3.73,5.0,0.0,0.0,0.0,8.0,7.0,0.0,27.0,8.0,0,8.0,Aman,Aman,Aman,Aman,Batasi,Batasi,gula sedang (18.00 g),0.1875,0,0,0,0,1,1,5.28,4.62,3.33,6.05,21.62,5.0,5.0,Tidak Diketahui
lovamil minuman khusus ibu hamil dan menyusui rasa kacang hijau,Tidak Diketahui,8 g,160.0,8.0,25.0,3.0,0.0,135.0,0.0,7.44,13.33,7.69,4.48,9.0,0.0,9.0,14.0,8.0,0.0,0.0,0.0,8.0,0,8.0,Aman,Aman,Aman,Aman,Aman,Aman,kandungan pembatas relatif rendah,0.3375,0,0,0,0,0,0,6.04,12.31,4.0,5.81,0.0,9.0,9.0,Tidak Diketahui
Cheesecake Factory oreo milkshake,Tidak Diketahui,3 g,1680.0,27.0,183.0,94.0,131.0,0.0,3.0,78.14,45.0,56.31,140.3,0.0,0.0,0.0,0.0,57.0,79.0,141.0,0.0,3.0,0,3.0,Waspada,Waspada,Aman,Aman,Waspada,Waspada,energi %AKG tinggi (78.14%); lemak total %AKG tinggi (140.30%); gula tinggi (131.00 g),0.0,2,2,0,0,2,6,63.4,41.54,125.33,42.56,8.11,0.0,0.0,Tidak Diketahui
Roma Marie Gold,PT. Mayora Indah Tbk.,2 g,90.0,2.0,15.0,3.0,4.0,0.0,0.0,4.19,3.33,4.62,4.48,0.0,0.0,0.0,0.0,5.0,5.0,5.0,0.0,2.0,0,2.0,Aman,Aman,Aman,Aman,Aman,Aman,kandungan pembatas relatif rendah,0.0,0,0,0,0,0,0,3.4,3.08,4.0,3.49,0.0,0.0,0.0,PT. Mayora Indah Tbk.
Supermi Extra Mie Goreng rasa Ayam pangsit,PT. INDOFOOD CBP SUKSES MAKMUR,10 g,510.0,10.0,70.0,21.0,0.0,1130.0,0.0,23.72,16.67,21.54,31.34,75.33,0.0,76.0,0.0,0.0,24.0,32.0,0.0,10.0,0,10.0,Waspada,Waspada,Aman,Waspada,Aman,Waspada,energi %AKG tinggi (23.72%); lemak total %AKG tinggi (31.34%); natrium %AKG tinggi (75.33%),2.825,2,2,0,2,0,6,19.25,15.38,28.0,16.28,0.0,75.33,75.33,PT. INDOFOOD CBP SUKSES MAKMUR
Mie sedap instan goreng kriuk,PT. Prakarsa Alam Segar,8 g,160.0,9.0,57.0,18.0,6.0,1170.0,8.0,19.53,15.0,17.54,26.87,78.0,40.0,78.0,0.0,0.0,0.0,0.0,0.0,8.0,0,8.0,Batasi,Waspada,Waspada,Waspada,Aman,Waspada,energi %AKG sedang (19.53%); lemak total %AKG tinggi (26.87%); lemak jenuh %AKG tinggi (40.00%); natrium %AKG tinggi (78.00%),2.925,1,2,2,2,0,7,6.04,13.85,24.0,13.26,21.62,78.0,78.0,PT. Prakarsa Alam Segar
Ice Cone,Tidak Diketahui,0 g,190.0,5.0,32.0,4.5,24.0,0.0,0.0,8.84,8.33,9.85,6.72,0.0,0.0,0.0,9.0,10.0,9.0,0.0,0.0,0.0,1,2.0,Aman,Aman,Aman,Aman,Waspada,Waspada,gula tinggi (24.00 g),0.0,0,0,0,0,2,2,7.17,7.69,6.0,7.44,0.0,0.0,0.0,Tidak Diketahui
TOPOKI Mujigae,Tidak Diketahui,11 g,410.0,11.0,78.0,7.0,0.0,1390.0,0.0,19.07,18.33,24.0,10.45,92.67,0.0,93.0,0.0,24.0,20.0,0.0,0.0,11.0,0,11.0,Batasi,Batasi,Aman,Waspada,Aman,Waspada,energi %AKG sedang (19.07%); lemak total %AKG sedang (10.45%); natrium %AKG tinggi (92.67%),3.475,1,1,0,2,0,4,15.47,16.92,9.33,18.14,0.0,92.67,92.67,Tidak Diketahui
ABC EXO milk coffe,PT. ABC president indonesia,2 g,160.0,8.0,24.0,24.0,22.0,0.0,2.0,7.44,13.33,7.38,35.82,0.0,0.0,0.0,14.0,0.0,8.0,36.0,0.0,2.0,0,2.0,Aman,Waspada,Aman,Aman,Waspada,Waspada,lemak total %AKG tinggi (35.82%); gula tinggi (22.00 g),0.0,0,2,0,0,2,4,6.04,12.31,32.0,5.58,5.41,0.0,0.0,PT. ABC president indonesia
MAESTRO MAYONAISE,Tidak Diketahui,0 g,90.0,0.0,2.0,9.0,0.0,210.0,0.0,4.19,0.0,0.62,13.43,14.0,0.0,14.0,0.0,0.0,5.0,14.0,0.0,0.0,1,2.0,Aman,Batasi,Aman,Batasi,Aman,Batasi,lemak total %AKG sedang (13.43%); natrium %AKG sedang (14.00%),0.525,0,1,0,1,0,2,3.4,0.0,12.0,0.47,0.0,14.0,14.0,Tidak Diketahui
Susu Ultra Milk Low Fat,"PT. Ultrajaya Milk Industry, Tbk",7 g,90.0,7.0,11.0,2.5,0.0,105.0,0.0,4.19,11.67,3.38,3.73,7.0,8.0,7.0,12.0,0.0,0.0,0.0,0.0,7.0,0,7.0,Aman,Aman,Aman,Aman,Aman,Aman,kandungan pembatas relatif rendah,0.2625,0,0,0,0,0,0,3.4,10.77,3.33,2.56,0.0,7.0,7.0,PT. Ultrajaya Milk Industry Tbk.
ROYCO BUMBU AYAM SAUS TELUR ASIN,Tidak Diketahui,1 g,30.0,1.0,2.0,1.5,0.0,50.0,0.0,1.4,1.67,0.62,2.24,3.33,0.0,4.0,2.0,0.0,0.0,3.0,0.0,1.0,0,1.0,Aman,Aman,Aman,Aman,Aman,Aman,kandungan pembatas relatif rendah,0.125,0,0,0,0,0,0,1.13,1.54,2.0,0.47,0.0,3.33,3.33,Tidak Diketahui
Keju parmesan,Tidak Diketahui,28.42 g,420.0,28.42,13.91,27.84,0.0,0.0,0.0,19.53,47.37,4.28,41.55,0.0,0.0,0.0,48.0,0.0,20.0,42.0,0.0,28.42,0,28.42,Batasi,Waspada,Aman,Aman,Aman,Waspada,energi %AKG sedang (19.53%); lemak total %AKG tinggi (41.55%),0.0,1,2,0,0,0,3,15.85,43.72,37.12,3.23,0.0,0.0,0.0,Tidak Diketahui
Indomie Goreng Rasa Rendang,PT. Indofood CBP Sukses Makmur Tbk.,3 g,150.0,9.0,59.0,16.0,9.0,1060.0,3.0,19.53,15.0,18.15,23.88,70.67,40.0,71.0,0.0,0.0,0.0,24.0,0.0,3.0,0,3.0,Batasi,Waspada,Waspada,Waspada,Aman,Waspada,energi %AKG sedang (19.53%); lemak total %AKG tinggi (23.88%); lemak jenuh %AKG tinggi (40.00%); natrium %AKG tinggi (70.67%),2.65,1,2,2,2,0,7,5.66,13.85,21.33,13.72,8.11,70.67,70.67,PT. Indofood CBP Sukses Makmur Tbk.
Biokul plain yogurt,PT. Sukanda djaya,5 g,90.0,5.0,15.0,0.5,7.0,0.0,0.0,4.19,8.33,4.62,0.75,0.0,0.0,0.0,9.0,5.0,5.0,0.0,0.0,5.0,0,5.0,Aman,Aman,Aman,Aman,Aman,Aman,kandungan pembatas relatif rendah,0.0,0,0,0,0,0,0,3.4,7.69,0.67,3.49,0.0,0.0,0.0,PT. Sukanda djaya
Mr. Bread Roti tawar kupas,PT. Mr. Bread Company,1.50 g,119.0,4.5,21.5,2.0,1.0,209.0,1.5,5.53,7.5,6.62,2.99,13.93,0.0,14.0,8.0,7.0,0.0,0.0,0.0,1.5,0,1.5,Aman,Aman,Aman,Batasi,Aman,Batasi,natrium %AKG sedang (13.93%),0.5225,0,0,0,1,0,1,4.49,6.92,2.67,5.0,4.05,13.93,13.93,PT. Mr. Bread Company
Teh Kotak Rasa Lemon,"PT. ULTRA JAYA MILK INDUSTRY&TRADING CO.,TBK",0 g,100.0,0.0,23.0,0.0,20.0,25.0,0.0,4.65,0.0,7.08,0.0,1.67,0.0,2.0,0.0,8.0,5.0,0.0,0.0,0.0,1,2.0,Aman,Aman,Aman,Aman,Waspada,Waspada,gula tinggi (20.00 g),0.0625,0,0,0,0,2,2,3.77,0.0,0.0,5.35,0.0,1.67,1.67,PT. ULTRA JAYA MILK INDUSTRY&TRADING CO. Tbk.
SUN Bubur Bayi,PT. Indofood CBP Sukses Makmur Tbk.,4 g,160.0,4.0,31.0,2.5,0.0,100.0,0.0,7.44,6.67,9.54,3.73,6.67,0.0,7.0,0.0,10.0,8.0,0.0,0.0,4.0,0,4.0,Aman,Aman,Aman,Aman,Aman,Aman,kandungan pembatas relatif rendah,0.25,0,0,0,0,0,0,6.04,6.15,3.33,7.21,0.0,6.67,6.67,PT. Indofood CBP Sukses Makmur Tbk.
Mie Sedaap Cup Mi Kuah Soto,PT.Wings food,7 g,370.0,8.0,48.0,16.0,2.0,1070.0,7.0,17.21,13.33,14.77,23.88,71.33,0.0,72.0,0.0,0.0,18.0,24.0,0.0,7.0,0,7.0,Batasi,Waspada,Aman,Waspada,Aman,Waspada,energi %AKG sedang (17.21%); lemak total %AKG tinggi (23.88%); natrium %AKG tinggi (71.33%),2.675,1,2,0,2,0,5,13.96,12.31,21.33,11.16,18.92,71.33,71.33,PT. Wings food
Nutricake Brownies Coklat,Tidak Diketahui,2 g,160.0,2.0,33.0,2.5,0.0,90.0,0.0,7.44,3.33,10.15,3.73,6.0,0.0,6.0,0.0,11.0,8.0,0.0,0.0,2.0,0,2.0,Aman,Aman,Aman,Aman,Aman,Aman,kandungan pembatas relatif rendah,0.225,0,0,0,0,0,0,6.04,3.08,3.33,7.67,0.0,6.0,6.0,Tidak Diketahui
vanhouten cocoa powder,PT. Perusahaan Industri Ceres,6 g,120.0,6.0,15.0,4.0,0.0,0.0,0.0,5.58,10.0,4.62,5.97,0.0,0.0,0.0,10.0,0.0,6.0,6.0,0.0,6.0,0,6.0,Aman,Aman,Aman,Aman,Aman,Aman,kandungan pembatas relatif rendah,0.0,0,0,0,0,0,0,4.53,9.23,5.33,3.49,0.0,0.0,0.0,PT. Perusahaan Industri Ceres
Honey Stars,PT. Nestle Indonesia,1 g,110.0,1.0,25.0,0.5,8.0,0.0,1.0,5.12,1.67,7.69,0.75,0.0,0.0,0.0,0.0,8.0,6.0,0.0,4.0,1.0,0,1.0,Aman,Aman,Aman,Aman,Aman,Aman,kandungan pembatas relatif rendah,0.0,0,0,0,0,0,0,4.15,1.54,0.67,5.81,2.7,0.0,0.0,PT. Nestle Indonesia
Indomie mi rendang,PT. Indofood CBP Sukses Makmur Tbk.,3 g,420.0,9.0,59.0,16.0,9.0,0.0,3.0,19.53,15.0,18.15,23.88,0.0,0.0,0.0,0.0,19.0,20.0,24.0,0.0,3.0,0,3.0,Batasi,Waspada,Aman,Aman,Aman,Waspada,energi %AKG sedang (19.53%); lemak total %AKG tinggi (23.88%),0.0,1,2,0,0,0,3,15.85,13.85,21.33,13.72,8.11,0.0,0.0,PT. Indofood CBP Sukses Makmur Tbk.
Origo coffe es kopi susu,Tidak Diketahui,6.23 g,191.0,6.23,25.88,7.22,20.51,0.0,0.0,8.88,10.38,7.96,10.78,0.0,0.0,0.0,11.0,0.0,9.0,11.0,0.0,6.23,0,6.23,Aman,Batasi,Aman,Aman,Waspada,Waspada,lemak total %AKG sedang (10.78%); gula tinggi (20.51 g),0.0,0,1,0,0,2,3,7.21,9.58,9.63,6.02,0.0,0.0,0.0,Tidak Diketahui
Mie Sedaap instan white curry,PT. Prakarsa Alam Segar,2 g,360.0,8.0,50.0,14.0,3.0,840.0,2.0,16.74,13.33,15.38,20.9,56.0,0.0,56.0,0.0,0.0,17.0,21.0,0.0,2.0,0,2.0,Batasi,Waspada,Aman,Waspada,Aman,Waspada,energi %AKG sedang (16.74%); lemak total %AKG tinggi (20.90%); natrium %AKG tinggi (56.00%),2.1,1,2,0,2,0,5,13.58,12.31,18.67,11.63,5.41,56.0,56.0,PT. Prakarsa Alam Segar
Sarimi Gelas Rasa Soto Ayam,PT. Indofood CBP Sukses Makmur Tbk,2 g,60.0,3.0,16.0,7.0,2.0,940.0,2.0,6.51,5.0,4.92,10.45,62.67,0.0,63.0,0.0,0.0,0.0,11.0,7.0,2.0,0,2.0,Aman,Batasi,Aman,Waspada,Aman,Waspada,lemak total %AKG sedang (10.45%); natrium %AKG tinggi (62.67%),2.35,0,1,0,2,0,3,2.26,4.62,9.33,3.72,5.41,62.67,62.67,PT. Indofood CBP Sukses Makmur Tbk.
MYTEA Teh Oolong 450 ml,PT. Suntory Garuda Beverage,0 g,0.0,0.0,18.0,0.0,0.0,20.0,0.0,3.26,0.0,5.54,0.0,1.33,0.0,2.0,0.0,6.0,4.0,0.0,0.0,0.0,1,2.0,Aman,Aman,Aman,Aman,Aman,Aman,kandungan pembatas relatif rendah,0.05,0,0,0,0,0,0,0.0,0.0,0.0,4.19,0.0,1.33,1.33,PT. Suntory Garuda Beverage
Kuaci Rebo green tea,PT. Gumindo Bogamanis,2 g,110.0,6.0,2.0,9.0,1.0,180.0,2.0,5.12,10.0,0.62,13.43,12.0,0.0,12.0,10.0,0.0,0.0,14.0,0.0,2.0,0,2.0,Aman,Batasi,Aman,Batasi,Aman,Batasi,lemak total %AKG sedang (13.43%); natrium %AKG sedang (12.00%),0.45,0,1,0,1,0,2,4.15,9.23,12.0,0.47,5.41,12.0,12.0,PT. Gumindo Bogamanis
Nestle corn flakes,PT. Nestle Indonesia,2 g,110.0,2.0,24.0,0.5,0.0,0.0,0.0,5.12,3.33,7.38,0.75,0.0,0.0,0.0,4.0,8.0,6.0,0.0,0.0,2.0,0,2.0,Aman,Aman,Aman,Aman,Aman,Aman,kandungan pembatas relatif rendah,0.0,0,0,0,0,0,0,4.15,3.08,0.67,5.58,0.0,0.0,0.0,PT. Nestle Indonesia
Mi ABC cup soto ayam,PT.Wings food,4 g,280.0,7.0,34.0,13.0,2.0,0.0,4.0,13.02,11.67,10.46,19.4,0.0,0.0,0.0,0.0,0.0,14.0,20.0,14.0,4.0,0,4.0,Batasi,Batasi,Aman,Aman,Aman,Batasi,energi %AKG sedang (13.02%); lemak total %AKG sedang (19.40%),0.0,1,1,0,0,0,2,10.57,10.77,17.33,7.91,10.81,0.0,0.0,PT. Wings food
Susu dancow rasa coklat,PT.Nestle Indonesia,5 g,160.0,5.0,23.0,6.0,0.0,100.0,0.0,7.44,8.33,7.08,8.96,6.67,0.0,0.0,9.0,0.0,8.0,9.0,0.0,5.0,0,5.0,Aman,Aman,Aman,Aman,Aman,Aman,kandungan pembatas relatif rendah,0.25,0,0,0,0,0,0,6.04,7.69,8.0,5.35,0.0,6.67,6.67,PT. Nestle Indonesia
kopi seduh,Tidak Diketahui,0.74 g,5.0,0.74,0.42,0.0,0.0,0.0,0.0,0.23,1.23,0.13,0.0,0.0,0.0,0.0,2.0,1.0,1.0,0.0,0.0,0.74,0,0.74,Aman,Aman,Aman,Aman,Aman,Aman,kandungan pembatas relatif rendah,0.0,0,0,0,0,0,0,0.19,1.14,0.0,0.1,0.0,0.0,0.0,Tidak Diketahui
Cornetto Silverqueen,Tidak Diketahui,2 g,110.0,3.0,28.0,12.0,18.0,50.0,2.0,10.7,5.0,8.62,17.91,3.33,40.0,0.0,0.0,0.0,11.0,18.0,0.0,2.0,0,2.0,Batasi,Batasi,Waspada,Aman,Batasi,Waspada,energi %AKG sedang (10.70%); lemak total %AKG sedang (17.91%); lemak jenuh %AKG tinggi (40.00%); gula sedang (18.00 g),0.125,1,1,2,0,1,5,4.15,4.62,16.0,6.51,5.41,3.33,3.33,Tidak Diketahui
Mie Lemonilo kari ayam,PT. Lemonilo Indonesia Sehat,2 g,270.0,8.0,48.0,5.0,1.0,1036.0,2.0,12.56,13.33,14.77,7.46,69.07,0.0,70.0,14.0,15.0,0.0,0.0,0.0,2.0,0,2.0,Batasi,Aman,Aman,Waspada,Aman,Waspada,energi %AKG sedang (12.56%); natrium %AKG tinggi (69.07%),2.59,1,0,0,2,0,3,10.19,12.31,6.67,11.16,5.41,69.07,69.07,PT. Lemonilo Indonesia Sehat
Bamboe Bumbu Rawon,Tidak Diketahui,1 g,15.0,1.0,2.0,1.5,1.0,1020.0,1.0,1.16,1.67,0.62,2.24,68.0,3.0,68.0,0.0,0.0,0.0,0.0,4.0,1.0,0,1.0,Aman,Aman,Aman,Waspada,Aman,Waspada,natrium %AKG tinggi (68.00%),2.55,0,0,0,2,0,2,0.57,1.54,2.0,0.47,2.7,68.0,68.0,Tidak Diketahui
Fruit Tea yuzu,PT.Sinar Sosro,0 g,220.0,0.0,54.0,0.0,50.0,0.0,0.0,10.23,0.0,16.62,0.0,0.0,0.0,0.0,0.0,17.0,11.0,0.0,0.0,0.0,1,2.0,Batasi,Aman,Aman,Aman,Waspada,Waspada,energi %AKG sedang (10.23%); gula tinggi (50.00 g),0.0,1,0,0,0,2,3,8.3,0.0,0.0,12.56,0.0,0.0,0.0,PT. Sinar Sosro
yuzu tea,Tidak Diketahui,0 g,140.0,0.0,34.0,0.0,0.0,20.0,0.0,6.51,0.0,10.46,0.0,1.33,0.0,2.0,0.0,11.0,7.0,0.0,0.0,0.0,1,2.0,Aman,Aman,Aman,Aman,Aman,Aman,kandungan pembatas relatif rendah,0.05,0,0,0,0,0,0,5.28,0.0,0.0,7.91,0.0,1.33,1.33,Tidak Diketahui
Keju Snow Brand Cheddar,PT. Megmilk Snow Brand Indonesia,5 g,100.0,5.0,2.0,8.0,0.0,360.0,0.0,4.65,8.33,0.62,11.94,24.0,0.0,24.0,9.0,0.0,0.0,12.0,0.0,5.0,0,5.0,Aman,Batasi,Aman,Waspada,Aman,Waspada,lemak total %AKG sedang (11.94%); natrium %AKG tinggi (24.00%),0.9,0,1,0,2,0,3,3.77,7.69,10.67,0.47,0.0,24.0,24.0,PT. Megmilk Snow Brand Indonesia
Sonice Chicken nugget,PT. So Good Food Manufacturing,16 g,250.0,16.0,14.0,14.0,0.0,0.0,0.0,11.63,26.67,4.31,20.9,0.0,0.0,0.0,27.0,0.0,12.0,21.0,0.0,16.0,0,16.0,Batasi,Waspada,Aman,Aman,Aman,Waspada,energi %AKG sedang (11.63%); lemak total %AKG tinggi (20.90%),0.0,1,2,0,0,0,3,9.43,24.62,18.67,3.26,0.0,0.0,0.0,PT. So Good Food Manufacturing
"Tony roma's onion loaf (full, with bbq sauce)",Tidak Diketahui,23 g,1200.0,23.0,205.0,23.0,12.0,0.0,0.0,55.81,38.33,63.08,34.33,0.0,0.0,0.0,39.0,64.0,56.0,0.0,0.0,23.0,0,23.0,Waspada,Waspada,Aman,Aman,Batasi,Waspada,energi %AKG tinggi (55.81%); lemak total %AKG tinggi (34.33%); gula sedang (12.00 g),0.0,2,2,0,0,1,5,45.28,35.38,30.67,47.67,0.0,0.0,0.0,Tidak Diketahui
SUPERIOR Bihun Jagung urai,PT. Tiga Pilar Sejahtera,6 g,250.0,0.0,61.0,0.0,0.0,30.0,6.0,11.63,0.0,18.77,0.0,2.0,0.0,0.0,0.0,19.0,12.0,0.0,20.0,6.0,0,6.0,Batasi,Aman,Aman,Aman,Aman,Batasi,energi %AKG sedang (11.63%),0.075,1,0,0,0,0,1,9.43,0.0,0.0,14.19,16.22,2.0,2.0,PT. Tiga Pilar Sejahtera
Fox's Fruits,PT. Jaya Utama Santika,0 g,15.0,0.0,4.0,0.0,3.0,0.0,0.0,0.7,0.0,1.23,0.0,0.0,0.0,0.0,0.0,2.0,1.0,0.0,0.0,0.0,1,2.0,Aman,Aman,Aman,Aman,Aman,Aman,kandungan pembatas relatif rendah,0.0,0,0,0,0,0,0,0.57,0.0,0.0,0.93,0.0,0.0,0.0,PT. Jaya Utama Santika
Keju greenfields ricotta,PT. Greenfield Indonesia,0 g,110.0,4.0,2.0,9.0,1.0,0.0,0.0,5.12,6.67,0.62,13.43,0.0,0.0,0.0,7.0,0.0,6.0,14.0,0.0,0.0,1,2.0,Aman,Batasi,Aman,Aman,Aman,Batasi,lemak total %AKG sedang (13.43%),0.0,0,1,0,0,0,1,4.15,6.15,12.0,0.47,0.0,0.0,0.0,PT. Greenfield Indonesia
Indomie goreng Jumbo,PT. Indofood CBP Sukses Makmur Tbk.,31 g,560.0,21.0,80.0,13.0,13.0,0.0,31.0,26.05,35.0,24.62,19.4,0.0,0.0,0.0,35.0,0.0,27.0,0.0,104.0,31.0,0,31.0,Waspada,Batasi,Aman,Aman,Batasi,Waspada,energi %AKG tinggi (26.05%); lemak total %AKG sedang (19.40%); gula sedang (13.00 g),0.0,2,1,0,0,1,4,21.13,32.31,17.33,18.6,83.78,0.0,0.0,PT. Indofood CBP Sukses Makmur Tbk.
Cimory Yogurt Squeeze Peach,Tidak Diketahui,2 g,70.0,2.0,11.0,2.0,0.0,60.0,0.0,3.26,3.33,3.38,2.99,4.0,0.0,4.0,4.0,4.0,0.0,0.0,0.0,2.0,0,2.0,Aman,Aman,Aman,Aman,Aman,Aman,kandungan pembatas relatif rendah,0.15,0,0,0,0,0,0,2.64,3.08,2.67,2.56,0.0,4.0,4.0,Tidak Diketahui
Yogurt frozen pinkberry (Besar),Tidak Diketahui,0 g,390.0,15.0,81.0,1.0,77.0,0.0,0.0,18.14,25.0,24.92,1.49,0.0,0.0,0.0,25.0,25.0,19.0,0.0,0.0,0.0,1,2.0,Batasi,Aman,Aman,Aman,Waspada,Waspada,energi %AKG sedang (18.14%); gula tinggi (77.00 g),0.0,1,0,0,0,2,3,14.72,23.08,1.33,18.84,0.0,0.0,0.0,Tidak Diketahui
Bamboe soto daging,PT. Bamboe Indonesia,1 g,5.0,1.0,2.0,0.5,1.0,730.0,1.0,0.93,1.67,0.62,0.75,48.67,0.0,49.0,2.0,0.0,0.0,0.0,4.0,1.0,0,1.0,Aman,Aman,Aman,Waspada,Aman,Waspada,natrium %AKG tinggi (48.67%),1.825,0,0,0,2,0,2,0.19,1.54,0.67,0.47,2.7,48.67,48.67,PT. Bamboe Indonesia
Masako Kaldu Ayam,PT. AJINOMOTO INDONESIA,0 g,0.0,0.0,0.0,0.0,0.0,610.0,0.0,0.0,0.0,0.0,0.0,40.67,0.0,41.0,0.0,0.0,0.0,0.0,0.0,0.0,1,2.0,Aman,Aman,Aman,Waspada,Aman,Waspada,natrium %AKG tinggi (40.67%),1.525,0,0,0,2,0,2,0.0,0.0,0.0,0.0,0.0,40.67,40.67,PT. AJINOMOTO INDONESIA
Cimory Fresh Milk Cashew,Tidak Diketahui,10 g,260.0,10.0,33.0,9.0,0.0,140.0,0.0,12.09,16.67,10.15,13.43,9.33,0.0,0.0,17.0,0.0,13.0,14.0,0.0,10.0,0,10.0,Batasi,Batasi,Aman,Aman,Aman,Batasi,energi %AKG sedang (12.09%); lemak total %AKG sedang (13.43%),0.35,1,1,0,0,0,2,9.81,15.38,12.0,7.67,0.0,9.33,9.33,Tidak Diketahui
Kopi Indocafe cappuccino,PT. Sari Incofood,2 g,110.0,2.0,19.0,3.0,14.0,0.0,0.0,5.12,3.33,5.85,4.48,0.0,0.0,0.0,0.0,6.0,6.0,5.0,0.0,2.0,0,2.0,Aman,Aman,Aman,Aman,Batasi,Batasi,gula sedang (14.00 g),0.0,0,0,0,0,1,1,4.15,3.08,4.0,4.42,0.0,0.0,0.0,PT. Sari Incofood
nestle sereal corn flakes,Tidak Diketahui,2 g,110.0,2.0,24.0,0.5,0.0,180.0,0.0,5.12,3.33,7.38,0.75,12.0,0.0,12.0,0.0,8.0,6.0,0.0,0.0,2.0,0,2.0,Aman,Aman,Aman,Batasi,Aman,Batasi,natrium %AKG sedang (12.00%),0.45,0,0,0,1,0,1,4.15,3.08,0.67,5.58,0.0,12.0,12.0,Tidak Diketahui
Good time double choc,PT. Arrnott's Indonesia,2 g,30.0,1.0,11.0,3.5,4.0,80.0,2.0,3.72,1.67,3.38,5.22,5.33,13.0,6.0,0.0,0.0,0.0,0.0,7.0,2.0,0,2.0,Aman,Aman,Batasi,Aman,Aman,Batasi,lemak jenuh %AKG sedang (13.00%),0.2,0,0,1,0,0,1,1.13,1.54,4.67,2.56,5.41,5.33,5.33,PT. Arrnott's Indonesia
Nestle Carnation (kental manis),PT. Nestle Indonesia,1 g,100.0,1.0,17.0,3.0,16.0,0.0,0.0,4.65,1.67,5.23,4.48,0.0,0.0,0.0,0.0,6.0,5.0,5.0,0.0,1.0,0,1.0,Aman,Aman,Aman,Aman,Batasi,Batasi,gula sedang (16.00 g),0.0,0,0,0,0,1,1,3.77,1.54,4.0,3.95,0.0,0.0,0.0,PT. Nestle Indonesia
Yogurt greek heavenly blush honey,PT. Heavenly nutrition indonesia,2 g,180.0,5.0,18.0,10.0,9.0,40.0,2.0,8.37,8.33,5.54,14.93,2.67,0.0,0.0,9.0,0.0,9.0,15.0,0.0,2.0,0,2.0,Aman,Batasi,Aman,Aman,Aman,Batasi,lemak total %AKG sedang (14.93%),0.1,0,1,0,0,0,1,6.79,7.69,13.33,4.19,5.41,2.67,2.67,PT. Heavenly nutrition indonesia
Mie gaga,"PT. Jakarana tama, bogor",9 g,330.0,9.0,45.0,13.0,0.0,240.0,0.0,15.35,15.0,13.85,19.4,16.0,0.0,16.0,0.0,0.0,16.0,20.0,0.0,9.0,0,9.0,Batasi,Batasi,Aman,Batasi,Aman,Batasi,energi %AKG sedang (15.35%); lemak total %AKG sedang (19.40%); natrium %AKG sedang (16.00%),0.6,1,1,0,1,0,3,12.45,13.85,17.33,10.47,0.0,16.0,16.0,"PT. Jakarana tama, bogor"
Susu Ultra Rasa Strawberry,Tidak Diketahui,6 g,140.0,6.0,22.0,3.5,0.0,50.0,0.0,6.51,10.0,6.77,5.22,3.33,0.0,0.0,10.0,7.0,7.0,0.0,0.0,6.0,0,6.0,Aman,Aman,Aman,Aman,Aman,Aman,kandungan pembatas relatif rendah,0.125,0,0,0,0,0,0,5.28,9.23,4.67,5.12,0.0,3.33,3.33,Tidak Diketahui
WRP on the go (cokelat),PT.Nutrifood indonesia,6 g,150.0,7.0,24.0,3.0,16.0,0.0,6.0,6.98,11.67,7.38,4.48,0.0,0.0,0.0,12.0,8.0,0.0,0.0,20.0,6.0,0,6.0,Aman,Aman,Aman,Aman,Batasi,Batasi,gula sedang (16.00 g),0.0,0,0,0,0,1,1,5.66,10.77,4.0,5.58,16.22,0.0,0.0,PT. Nutrifood indonesia
Lemon pepper (classic wings),Tidak Diketahui,1 g,180.0,15.0,1.0,13.0,0.0,0.0,1.0,8.37,25.0,0.31,19.4,0.0,0.0,0.0,25.0,0.0,9.0,20.0,0.0,1.0,0,1.0,Aman,Batasi,Aman,Aman,Aman,Batasi,lemak total %AKG sedang (19.40%),0.0,0,1,0,0,0,1,6.79,23.08,17.33,0.23,2.7,0.0,0.0,Tidak Diketahui
Susu Ultra Milk Full cream (kotak),"PT. Ultrajaya Milk Industry, Tbk",8 g,150.0,8.0,12.0,8.0,0.0,0.0,0.0,6.98,13.33,3.69,11.94,0.0,0.0,0.0,14.0,0.0,7.0,12.0,0.0,8.0,0,8.0,Aman,Batasi,Aman,Aman,Aman,Batasi,lemak total %AKG sedang (11.94%),0.0,0,1,0,0,0,1,5.66,12.31,10.67,2.79,0.0,0.0,0.0,PT. Ultrajaya Milk Industry Tbk.
Qtela tempe original,PT. Indofood Fritolay Makmur,4 g,70.0,4.0,8.0,7.0,0.0,125.0,0.0,5.12,6.67,2.46,10.45,8.33,15.0,9.0,0.0,0.0,0.0,11.0,0.0,4.0,0,4.0,Aman,Batasi,Batasi,Aman,Aman,Batasi,lemak total %AKG sedang (10.45%); lemak jenuh %AKG sedang (15.00%),0.3125,0,1,1,0,0,2,2.64,6.15,9.33,1.86,0.0,8.33,8.33,PT. Indofood Fritolay Makmur
Super Bubur dengan kuah kari,Tidak Diketahui,3 g,35.0,3.0,36.0,3.5,1.0,720.0,0.0,8.84,5.0,11.08,5.22,48.0,0.0,48.0,0.0,12.0,9.0,0.0,0.0,3.0,0,3.0,Aman,Aman,Aman,Waspada,Aman,Waspada,natrium %AKG tinggi (48.00%),1.8,0,0,0,2,0,2,1.32,4.62,4.67,8.37,0.0,48.0,48.0,Tidak Diketahui
Bakso,Tidak Diketahui,12.41 g,202.0,12.41,7.58,13.16,0.0,478.0,0.0,9.4,20.68,2.33,19.64,31.87,0.0,32.0,21.0,0.0,0.0,20.0,0.0,12.41,0,12.41,Aman,Batasi,Aman,Waspada,Aman,Waspada,lemak total %AKG sedang (19.64%); natrium %AKG tinggi (31.87%),1.195,0,1,0,2,0,3,7.62,19.09,17.55,1.76,0.0,31.87,31.87,Tidak Diketahui
Sirup Tropicana sirup slim sirup orange,PT. Nutrifood Indonesia,0 g,5.0,0.0,0.0,0.0,0.0,0.0,0.0,0.23,0.0,0.0,0.0,0.0,0.0,0.0,0.0,0.0,1.0,0.0,0.0,0.0,1,2.0,Aman,Aman,Aman,Aman,Aman,Aman,kandungan pembatas relatif rendah,0.0,0,0,0,0,0,0,0.19,0.0,0.0,0.0,0.0,0.0,0.0,PT. Nutrifood Indonesia
Permen Mintz Duomint,PT. Ultra Prima Abadi,0 g,0.0,0.0,2.0,0.0,2.0,0.0,0.0,0.47,0.0,0.62,0.0,0.0,0.0,0.0,0.0,1.0,1.0,0.0,0.0,0.0,1,2.0,Aman,Aman,Aman,Aman,Aman,Aman,kandungan pembatas relatif rendah,0.0,0,0,0,0,0,0,0.0,0.0,0.0,0.47,0.0,0.0,0.0,PT. Ultra Prima Abadi
Morin Mixed fruit Jam,PT. Astaguna Wisesa,0 g,0.0,0.0,11.0,0.0,9.0,0.0,0.0,2.09,0.0,3.38,0.0,0.0,0.0,0.0,0.0,4.0,3.0,0.0,0.0,0.0,1,2.0,Aman,Aman,Aman,Aman,Aman,Aman,kandungan pembatas relatif rendah,0.0,0,0,0,0,0,0,0.0,0.0,0.0,2.56,0.0,0.0,0.0,PT. Astaguna Wisesa
Heavenly Blush,PT.Heavenly Blush,4 g,90.0,2.0,15.0,2.5,5.0,0.0,4.0,4.19,3.33,4.62,3.73,0.0,0.0,0.0,0.0,5.0,5.0,0.0,14.0,4.0,0,4.0,Aman,Aman,Aman,Aman,Aman,Aman,kandungan pembatas relatif rendah,0.0,0,0,0,0,0,0,3.4,3.08,3.33,3.49,10.81,0.0,0.0,PT. Heavenly Blush
Eskrim paddle pop choco magma,PT. Andrawina Darma Manunggal Mulya,1 g,70.0,1.0,12.0,2.5,8.0,0.0,1.0,3.26,1.67,3.69,3.73,0.0,0.0,0.0,0.0,4.0,0.0,4.0,4.0,1.0,0,1.0,Aman,Aman,Aman,Aman,Aman,Aman,kandungan pembatas relatif rendah,0.0,0,0,0,0,0,0,2.64,1.54,3.33,2.79,2.7,0.0,0.0,PT. Andrawina Darma Manunggal Mulya
Pop mie rasa kari ayam,PT. Indofood CBP Sukses Makmur Tbk.,44 g,350.0,7.0,45.0,16.0,4.0,0.0,44.0,16.28,11.67,13.85,23.88,0.0,0.0,0.0,0.0,0.0,17.0,24.0,147.0,44.0,0,44.0,Batasi,Waspada,Aman,Aman,Aman,Waspada,energi %AKG sedang (16.28%); lemak total %AKG tinggi (23.88%),0.0,1,2,0,0,0,3,13.21,10.77,21.33,10.47,118.92,0.0,0.0,PT. Indofood CBP Sukses Makmur Tbk.
Lays 14g,PT. Indofood Fritolay Makmur,1 g,70.0,1.0,10.0,7.0,0.0,70.0,0.0,5.12,1.67,3.08,10.45,4.67,18.0,0.0,0.0,0.0,6.0,11.0,0.0,1.0,0,1.0,Aman,Batasi,Batasi,Aman,Aman,Batasi,lemak total %AKG sedang (10.45%); lemak jenuh %AKG sedang (18.00%),0.175,0,1,1,0,0,2,2.64,1.54,9.33,2.33,0.0,4.67,4.67,PT. Indofood Fritolay Makmur
Biskuit choco mania,PT. Konimex,1 g,100.0,1.0,14.0,4.5,7.0,0.0,0.0,4.65,1.67,4.31,6.72,0.0,0.0,0.0,0.0,5.0,5.0,7.0,0.0,1.0,0,1.0,Aman,Aman,Aman,Aman,Aman,Aman,kandungan pembatas relatif rendah,0.0,0,0,0,0,0,0,3.77,1.54,6.0,3.26,0.0,0.0,0.0,PT. Konimex
Yogurt greek yummy blueberry,PT. Heavenly nutrition indonesia,8 g,140.0,8.0,19.0,3.5,10.0,65.0,0.0,6.51,13.33,5.85,5.22,4.33,0.0,0.0,14.0,6.0,7.0,0.0,0.0,8.0,0,8.0,Aman,Aman,Aman,Aman,Batasi,Batasi,gula sedang (10.00 g),0.1625,0,0,0,0,1,1,5.28,12.31,4.67,4.42,0.0,4.33,4.33,PT. Heavenly nutrition indonesia
abc kopi susu,Tidak Diketahui,1 g,130.0,1.0,27.0,2.5,0.0,15.0,0.0,6.05,1.67,8.31,3.73,1.0,0.0,0.0,0.0,9.0,7.0,4.0,0.0,1.0,0,1.0,Aman,Aman,Aman,Aman,Aman,Aman,kandungan pembatas relatif rendah,0.0375,0,0,0,0,0,0,4.91,1.54,3.33,6.28,0.0,1.0,1.0,Tidak Diketahui
Es krim Aice coklat sundae,PT. Aice,2 g,100.0,2.0,14.0,4.0,8.0,15.0,0.0,4.65,3.33,4.31,5.97,1.0,0.0,0.0,0.0,5.0,5.0,6.0,0.0,2.0,0,2.0,Aman,Aman,Aman,Aman,Aman,Aman,kandungan pembatas relatif rendah,0.0375,0,0,0,0,0,0,3.77,3.08,5.33,3.26,0.0,1.0,1.0,PT. Aice
Susu WRP loses weight coklat,PT. Nutrifood Indonesia,2 g,220.0,14.0,27.0,6.0,20.0,0.0,2.0,10.23,23.33,8.31,8.96,0.0,0.0,0.0,24.0,0.0,11.0,9.0,0.0,2.0,0,2.0,Batasi,Aman,Aman,Aman,Waspada,Waspada,energi %AKG sedang (10.23%); gula tinggi (20.00 g),0.0,1,0,0,0,2,3,8.3,21.54,8.0,6.28,5.41,0.0,0.0,PT. Nutrifood Indonesia
ABC Kecap Asin,Tidak Diketahui,1 g,5.0,1.0,1.0,0.0,0.0,830.0,0.0,0.23,1.67,0.31,0.0,55.33,0.0,56.0,2.0,1.0,0.0,0.0,0.0,1.0,0,1.0,Aman,Aman,Aman,Waspada,Aman,Waspada,natrium %AKG tinggi (55.33%),2.075,0,0,0,2,0,2,0.19,1.54,0.0,0.23,0.0,55.33,55.33,Tidak Diketahui
Aqua,PT.Danone Indonesia,0 g,0.0,0.0,0.0,0.0,0.0,0.0,0.0,0.0,0.0,0.0,0.0,0.0,0.0,0.0,0.0,0.0,0.0,0.0,0.0,0.0,1,2.0,Aman,Aman,Aman,Aman,Aman,Aman,kandungan pembatas relatif rendah,0.0,0,0,0,0,0,0,0.0,0.0,0.0,0.0,0.0,0.0,0.0,PT. Danone Indonesia
Bamboe soto ayam,PT. Bamboe Indonesia,1 g,10.0,1.0,2.0,1.0,1.0,850.0,1.0,0.93,1.67,0.62,1.49,56.67,0.0,57.0,2.0,0.0,0.0,0.0,4.0,1.0,0,1.0,Aman,Aman,Aman,Waspada,Aman,Waspada,natrium %AKG tinggi (56.67%),2.125,0,0,0,2,0,2,0.38,1.54,1.33,0.47,2.7,56.67,56.67,PT. Bamboe Indonesia
Monde Boromon Wafers rasa Vanila,PT. Monde Mahkota Biskuit,2 g,60.0,1.0,16.0,7.0,7.0,60.0,2.0,6.05,1.67,4.92,10.45,4.0,18.0,0.0,0.0,0.0,0.0,11.0,7.0,2.0,0,2.0,Aman,Batasi,Batasi,Aman,Aman,Batasi,lemak total %AKG sedang (10.45%); lemak jenuh %AKG sedang (18.00%),0.15,0,1,1,0,0,2,2.26,1.54,9.33,3.72,5.41,4.0,4.0,PT. Monde Mahkota Biskuit
Good Day Cappuccino With Cocoa Granule,PT. Santos jaya abadi,1 g,110.0,1.0,21.0,2.5,17.0,10.0,1.0,5.12,1.67,6.46,3.73,0.67,13.0,0.0,0.0,7.0,6.0,0.0,0.0,1.0,0,1.0,Aman,Aman,Batasi,Aman,Batasi,Batasi,lemak jenuh %AKG sedang (13.00%); gula sedang (17.00 g),0.025,0,0,1,0,1,2,4.15,1.54,3.33,4.88,2.7,0.67,0.67,PT. Santos jaya abadi
Meises coklat,Tidak Diketahui,2 g,120.0,0.0,20.0,4.0,16.0,0.0,2.0,5.58,0.0,6.15,5.97,0.0,0.0,0.0,0.0,7.0,0.0,6.0,7.0,2.0,0,2.0,Aman,Aman,Aman,Aman,Batasi,Batasi,gula sedang (16.00 g),0.0,0,0,0,0,1,1,4.53,0.0,5.33,4.65,5.41,0.0,0.0,Tidak Diketahui
Sarimi isi tongseng ayam,PT. SARIMI ASLI JAYA,6 g,560.0,11.0,76.0,23.0,5.0,0.0,6.0,26.05,18.33,23.38,34.33,0.0,0.0,0.0,0.0,24.0,27.0,35.0,0.0,6.0,0,6.0,Waspada,Waspada,Aman,Aman,Aman,Waspada,energi %AKG tinggi (26.05%); lemak total %AKG tinggi (34.33%),0.0,2,2,0,0,0,4,21.13,16.92,30.67,17.67,16.22,0.0,0.0,PT. SARIMI ASLI JAYA
Susu Rasa Taro,"PT. Ultrajaya Milk Industry, Tbk",5 g,130.0,5.0,18.0,4.0,14.0,60.0,0.0,6.05,8.33,5.54,5.97,4.0,0.0,0.0,0.0,0.0,0.0,0.0,0.0,5.0,0,5.0,Aman,Aman,Aman,Aman,Batasi,Batasi,gula sedang (14.00 g),0.15,0,0,0,0,1,1,4.91,7.69,5.33,4.19,0.0,4.0,4.0,PT. Ultrajaya Milk Industry Tbk.
Masako Daging Sapi,Tidak Diketahui,0 g,0.0,0.0,0.0,0.0,0.0,590.0,0.0,0.0,0.0,0.0,0.0,39.33,0.0,40.0,0.0,0.0,0.0,0.0,0.0,0.0,1,2.0,Aman,Aman,Aman,Waspada,Aman,Waspada,natrium %AKG tinggi (39.33%),1.475,0,0,0,2,0,2,0.0,0.0,0.0,0.0,0.0,39.33,39.33,Tidak Diketahui
Sasa tepung bakso goreng,Tidak Diketahui,1 g,90.0,1.0,21.0,0.0,0.0,910.0,0.0,4.19,1.67,6.46,0.0,60.67,0.0,61.0,0.0,7.0,5.0,0.0,0.0,1.0,0,1.0,Aman,Aman,Aman,Waspada,Aman,Waspada,natrium %AKG tinggi (60.67%),2.275,0,0,0,2,0,2,3.4,1.54,0.0,4.88,0.0,60.67,60.67,Tidak Diketahui
Mizone,PT.Danone Indonesia,0 g,45.0,0.0,11.0,0.0,11.0,0.0,0.0,2.09,0.0,3.38,0.0,0.0,0.0,0.0,0.0,4.0,3.0,0.0,0.0,0.0,1,2.0,Aman,Aman,Aman,Aman,Batasi,Batasi,gula sedang (11.00 g),0.0,0,0,0,0,1,1,1.7,0.0,0.0,2.56,0.0,0.0,0.0,PT. Danone Indonesia
Monde Snack Gold,PT. nissin biscuit indonesia,2 g,20.0,2.0,16.0,2.5,3.0,35.0,0.0,4.19,3.33,4.92,3.73,2.33,0.0,0.0,0.0,5.0,5.0,4.0,0.0,2.0,0,2.0,Aman,Aman,Aman,Aman,Aman,Aman,kandungan pembatas relatif rendah,0.0875,0,0,0,0,0,0,0.75,3.08,3.33,3.72,0.0,2.33,2.33,PT. nissin biscuit indonesia
Mony Oats Dark Choco Flavour,Tidak Diketahui,0 g,50.0,0.0,7.0,20.0,4.0,15.0,0.0,2.33,0.0,2.15,29.85,1.0,10.0,0.0,0.0,0.0,3.0,30.0,0.0,0.0,1,2.0,Aman,Waspada,Batasi,Aman,Aman,Waspada,lemak total %AKG tinggi (29.85%); lemak jenuh %AKG sedang (10.00%),0.0375,0,2,1,0,0,3,1.89,0.0,26.67,1.63,0.0,1.0,1.0,Tidak Diketahui
Subway black forest ham sandwich,Tidak Diketahui,5 g,290.0,18.0,46.0,4.5,8.0,0.0,5.0,13.49,30.0,14.15,6.72,0.0,0.0,0.0,30.0,15.0,0.0,0.0,17.0,5.0,0,5.0,Batasi,Aman,Aman,Aman,Aman,Batasi,energi %AKG sedang (13.49%),0.0,1,0,0,0,0,1,10.94,27.69,6.0,10.7,13.51,0.0,0.0,Tidak Diketahui
Silky Pudding Taro Flavour,Tidak Diketahui,2 g,15.0,2.0,16.0,1.5,11.0,45.0,0.0,3.72,3.33,4.92,2.24,3.0,8.0,0.0,0.0,5.0,4.0,0.0,0.0,2.0,0,2.0,Aman,Aman,Aman,Aman,Batasi,Batasi,gula sedang (11.00 g),0.1125,0,0,0,0,1,1,0.57,3.08,2.0,3.72,0.0,3.0,3.0,Tidak Diketahui
Niu Zuzu rasa coklat,PT. ABC Presiden Indonesia,2 g,120.0,2.0,22.0,3.0,18.0,110.0,0.0,5.58,3.33,6.77,4.48,7.33,0.0,8.0,0.0,7.0,6.0,0.0,0.0,2.0,0,2.0,Aman,Aman,Aman,Aman,Batasi,Batasi,gula sedang (18.00 g),0.275,0,0,0,0,1,1,4.53,3.08,4.0,5.12,0.0,7.33,7.33,PT. ABC Presiden Indonesia
Delfi ChaCha Peanut,PT. Delfi,3 g,160.0,3.0,17.0,8.0,0.0,10.0,0.0,7.44,5.0,5.23,11.94,0.67,0.0,0.0,0.0,6.0,8.0,12.0,0.0,3.0,0,3.0,Aman,Batasi,Aman,Aman,Aman,Batasi,lemak total %AKG sedang (11.94%),0.025,0,1,0,0,0,1,6.04,4.62,10.67,3.95,0.0,0.67,0.67,PT. Delfi
Nongshim Shin cup,PT.Nongshim Co.Ltd,10.90 g,309.0,10.9,46.8,6.0,1.9,0.0,0.0,14.37,18.17,14.4,8.96,0.0,0.0,0.0,19.0,15.0,15.0,0.0,0.0,10.9,0,10.9,Batasi,Aman,Aman,Aman,Aman,Batasi,energi %AKG sedang (14.37%),0.0,1,0,0,0,0,1,11.66,16.77,8.0,10.88,0.0,0.0,0.0,PT. Nongshim Co.Ltd
Teh botol tawar,PT.Sinar Sosro,0 g,0.0,0.0,0.0,0.0,0.0,0.0,0.0,0.0,0.0,0.0,0.0,0.0,0.0,0.0,0.0,0.0,0.0,0.0,0.0,0.0,1,2.0,Aman,Aman,Aman,Aman,Aman,Aman,kandungan pembatas relatif rendah,0.0,0,0,0,0,0,0,0.0,0.0,0.0,0.0,0.0,0.0,0.0,PT. Sinar Sosro
Origo coffe avocado coffe,Tidak Diketahui,4.04 g,160.0,4.04,22.46,6.02,14.12,0.0,0.0,7.44,6.73,6.91,8.99,0.0,0.0,0.0,0.0,7.0,8.0,9.0,0.0,4.04,0,4.04,Aman,Aman,Aman,Aman,Batasi,Batasi,gula sedang (14.12 g),0.0,0,0,0,0,1,1,6.04,6.22,8.03,5.22,0.0,0.0,0.0,Tidak Diketahui
Sariroti roti tawar kupas,PT. Nippon Indosari corporindo Tbk,1 g,110.0,3.0,19.0,2.0,1.0,170.0,1.0,5.12,5.0,5.85,2.99,11.33,0.0,12.0,0.0,6.0,6.0,0.0,0.0,1.0,0,1.0,Aman,Aman,Aman,Batasi,Aman,Batasi,natrium %AKG sedang (11.33%),0.425,0,0,0,1,0,1,4.15,4.62,2.67,4.42,2.7,11.33,11.33,PT. Nippon Indosari corporindo Tbk.
Kin bulgarian yogurt orange,PT. ABC kogyn dairy,3 g,150.0,3.0,28.0,2.5,27.0,0.0,0.0,6.98,5.0,8.62,3.73,0.0,0.0,0.0,5.0,9.0,7.0,0.0,0.0,3.0,0,3.0,Aman,Aman,Aman,Aman,Waspada,Waspada,gula tinggi (27.00 g),0.0,0,0,0,0,2,2,5.66,4.62,3.33,6.51,0.0,0.0,0.0,PT. ABC kogyn dairy
Biskuit serena egg rolls chocolate,PT. Monde Mahkota Biskuit,1 g,80.0,1.0,8.0,4.5,4.0,0.0,1.0,3.72,1.67,2.46,6.72,0.0,0.0,0.0,0.0,0.0,4.0,7.0,4.0,1.0,0,1.0,Aman,Aman,Aman,Aman,Aman,Aman,kandungan pembatas relatif rendah,0.0,0,0,0,0,0,0,3.02,1.54,6.0,1.86,2.7,0.0,0.0,PT. Monde Mahkota Biskuit
Coklat Ferrero rocher,PT. Ferrero Rocher,1 g,238.0,3.0,18.0,16.0,15.0,0.0,1.0,11.07,5.0,5.54,23.88,0.0,0.0,0.0,0.0,6.0,12.0,24.0,0.0,1.0,0,1.0,Batasi,Waspada,Aman,Aman,Batasi,Waspada,energi %AKG sedang (11.07%); lemak total %AKG tinggi (23.88%); gula sedang (15.00 g),0.0,1,2,0,0,1,4,8.98,4.62,21.33,4.19,2.7,0.0,0.0,PT. Ferrero Rocher
Indomie goreng,PT. Indofood CBP Sukses Makmur Tbk.,2 g,380.0,8.0,54.0,14.0,8.0,0.0,2.0,17.67,13.33,16.62,20.9,0.0,0.0,0.0,0.0,17.0,18.0,21.0,0.0,2.0,0,2.0,Batasi,Waspada,Aman,Aman,Aman,Waspada,energi %AKG sedang (17.67%); lemak total %AKG tinggi (20.90%),0.0,1,2,0,0,0,3,14.34,12.31,18.67,12.56,5.41,0.0,0.0,PT. Indofood CBP Sukses Makmur Tbk.
Nestle nestum,PT. Nestle Indonesia,1 g,130.0,3.0,27.0,1.5,9.0,0.0,1.0,6.05,5.0,8.31,2.24,0.0,0.0,0.0,5.0,9.0,7.0,0.0,0.0,1.0,0,1.0,Aman,Aman,Aman,Aman,Aman,Aman,kandungan pembatas relatif rendah,0.0,0,0,0,0,0,0,4.91,4.62,2.0,6.28,2.7,0.0,0.0,PT. Nestle Indonesia
Indofood cap enak (kental manis),PT. Indofood indonesia,2 g,120.0,1.0,21.0,4.0,19.0,0.0,2.0,5.58,1.67,6.46,5.97,0.0,0.0,0.0,0.0,7.0,0.0,6.0,7.0,2.0,0,2.0,Aman,Aman,Aman,Aman,Batasi,Batasi,gula sedang (19.00 g),0.0,0,0,0,0,1,1,4.53,1.54,5.33,4.88,5.41,0.0,0.0,PT. Indofood indonesia
Momogi Bintang Coklat,PT. Sari Murni Abadi,1 g,50.0,1.0,6.0,3.0,0.0,20.0,0.0,2.33,1.67,1.85,4.48,1.33,0.0,0.0,0.0,2.0,3.0,5.0,0.0,1.0,0,1.0,Aman,Aman,Aman,Aman,Aman,Aman,kandungan pembatas relatif rendah,0.05,0,0,0,0,0,0,1.89,1.54,4.0,1.4,0.0,1.33,1.33,PT. Sari Murni Abadi
King's Fisher sarden goreng balado,PT. Bali Maya Permai Food Canning Industry,8 g,120.0,8.0,4.0,8.0,0.0,0.0,0.0,5.58,13.33,1.23,11.94,0.0,0.0,0.0,14.0,0.0,6.0,12.0,0.0,8.0,0,8.0,Aman,Batasi,Aman,Aman,Aman,Batasi,lemak total %AKG sedang (11.94%),0.0,0,1,0,0,0,1,4.53,12.31,10.67,0.93,0.0,0.0,0.0,PT. Bali Maya Permai Food Canning Industry
Kewpie Caesar,Tidak Diketahui,1 g,70.0,1.0,3.0,6.0,0.0,190.0,0.0,3.26,1.67,0.92,8.96,12.67,0.0,13.0,0.0,0.0,4.0,9.0,0.0,1.0,0,1.0,Aman,Aman,Aman,Batasi,Aman,Batasi,natrium %AKG sedang (12.67%),0.475,0,0,0,1,0,1,2.64,1.54,8.0,0.7,0.0,12.67,12.67,Tidak Diketahui
Indomie ayam geprek,PT. Indofood CBP Sukses Makmur Tbk.,3 g,410.0,9.0,49.0,20.0,6.0,0.0,3.0,19.07,15.0,15.08,29.85,0.0,0.0,0.0,0.0,16.0,20.0,30.0,0.0,3.0,0,3.0,Batasi,Waspada,Aman,Aman,Aman,Waspada,energi %AKG sedang (19.07%); lemak total %AKG tinggi (29.85%),0.0,1,2,0,0,0,3,15.47,13.85,26.67,11.4,8.11,0.0,0.0,PT. Indofood CBP Sukses Makmur Tbk.
"PT. Ultrajaya Milk Industry, Tbk","PT. Ultrajaya Milk Industry, Tbk",6 g,120.0,6.0,9.0,6.0,0.0,40.0,0.0,5.58,10.0,2.77,8.96,2.67,0.0,0.0,10.0,0.0,6.0,9.0,0.0,6.0,0,6.0,Aman,Aman,Aman,Aman,Aman,Aman,kandungan pembatas relatif rendah,0.1,0,0,0,0,0,0,4.53,9.23,8.0,2.09,0.0,2.67,2.67,PT. Ultrajaya Milk Industry Tbk.
Nestle Milo 3in1 Activ-Go (Malt),PT. Nestle Indonesia,1 g,140.0,4.0,25.0,3.0,0.0,80.0,1.0,6.51,6.67,7.69,4.48,5.33,10.0,0.0,7.0,8.0,0.0,0.0,0.0,1.0,0,1.0,Aman,Aman,Batasi,Aman,Aman,Batasi,lemak jenuh %AKG sedang (10.00%),0.2,0,0,1,0,0,1,5.28,6.15,4.0,5.81,2.7,5.33,5.33,PT. Nestle Indonesia
ABC Selera pedas hot gulai chicken,PT. Heinz ABC Indonesia,21 g,270.0,7.0,34.0,12.0,1.0,0.0,21.0,12.56,11.67,10.46,17.91,0.0,0.0,0.0,0.0,0.0,13.0,18.0,70.0,21.0,0,21.0,Batasi,Batasi,Aman,Aman,Aman,Batasi,energi %AKG sedang (12.56%); lemak total %AKG sedang (17.91%),0.0,1,1,0,0,0,2,10.19,10.77,16.0,7.91,56.76,0.0,0.0,PT. Heinz ABC Indonesia
Royco sup krim jagung,Tidak Diketahui,1 g,70.0,1.0,11.0,2.0,4.0,380.0,0.0,3.26,1.67,3.38,2.99,25.33,0.0,26.0,0.0,4.0,4.0,0.0,0.0,1.0,0,1.0,Aman,Aman,Aman,Waspada,Aman,Waspada,natrium %AKG tinggi (25.33%),0.95,0,0,0,2,0,2,2.64,1.54,2.67,2.56,0.0,25.33,25.33,Tidak Diketahui
BANGO Kecap Manis Light,Tidak Diketahui,0 g,40.0,0.0,10.0,0.0,8.0,140.0,0.0,1.86,0.0,3.08,0.0,9.33,0.0,10.0,0.0,4.0,2.0,0.0,0.0,0.0,1,2.0,Aman,Aman,Aman,Aman,Aman,Aman,kandungan pembatas relatif rendah,0.35,0,0,0,0,0,0,1.51,0.0,0.0,2.33,0.0,9.33,9.33,Tidak Diketahui
Happy Tos Tortilla Chips,PT. Sinar Kencana Agung,1 g,60.0,2.0,16.0,7.0,1.0,125.0,1.0,6.05,3.33,4.92,10.45,8.33,15.0,9.0,0.0,0.0,0.0,11.0,0.0,1.0,0,1.0,Aman,Batasi,Batasi,Aman,Aman,Batasi,lemak total %AKG sedang (10.45%); lemak jenuh %AKG sedang (15.00%),0.3125,0,1,1,0,0,2,2.26,3.08,9.33,3.72,2.7,8.33,8.33,PT. Sinar Kencana Agung
super bubur rasa ayam,PT. DELIFOOD SENTOSA CORPINDO,3 g,170.0,3.0,32.0,3.0,0.0,840.0,0.0,7.91,5.0,9.85,4.48,56.0,0.0,56.0,0.0,10.0,8.0,0.0,0.0,3.0,0,3.0,Aman,Aman,Aman,Waspada,Aman,Waspada,natrium %AKG tinggi (56.00%),2.1,0,0,0,2,0,2,6.42,4.62,4.0,7.44,0.0,56.0,56.0,PT. DELIFOOD SENTOSA CORPINDO
Suki Rasa Ayam Kecap,PT. Siantar Top Tbk,2 g,100.0,2.0,13.0,4.0,1.0,240.0,0.0,4.65,3.33,4.0,5.97,16.0,0.0,16.0,0.0,0.0,5.0,6.0,0.0,2.0,0,2.0,Aman,Aman,Aman,Batasi,Aman,Batasi,natrium %AKG sedang (16.00%),0.6,0,0,0,1,0,1,3.77,3.08,5.33,3.02,0.0,16.0,16.0,PT. Siantar Top Tbk.
Mie Sedaap baso spesial,PT. Indofood Sukses Makmur,6 g,340.0,9.0,47.0,13.0,2.0,0.0,6.0,15.81,15.0,14.46,19.4,0.0,0.0,0.0,0.0,0.0,16.0,20.0,20.0,6.0,0,6.0,Batasi,Batasi,Aman,Aman,Aman,Batasi,energi %AKG sedang (15.81%); lemak total %AKG sedang (19.40%),0.0,1,1,0,0,0,2,12.83,13.85,17.33,10.93,16.22,0.0,0.0,PT. Indofood Sukses Makmur
Naraya melon seed,PT. Interfood sukses jasindo,6 g,130.0,6.0,2.0,10.0,0.0,180.0,0.0,6.05,10.0,0.62,14.93,12.0,0.0,12.0,10.0,0.0,0.0,15.0,0.0,6.0,0,6.0,Aman,Batasi,Aman,Batasi,Aman,Batasi,lemak total %AKG sedang (14.93%); natrium %AKG sedang (12.00%),0.45,0,1,0,1,0,2,4.91,9.23,13.33,0.47,0.0,12.0,12.0,PT. Interfood sukses jasindo
You C1000 vitamin lemon,PT. Djojonegoro,0 g,700.0,0.0,16.0,0.0,16.0,0.0,0.0,32.56,0.0,4.92,0.0,0.0,0.0,0.0,0.0,5.0,33.0,0.0,0.0,0.0,1,2.0,Waspada,Aman,Aman,Aman,Batasi,Waspada,energi %AKG tinggi (32.56%); gula sedang (16.00 g),0.0,2,0,0,0,1,3,26.42,0.0,0.0,3.72,0.0,0.0,0.0,PT. Djojonegoro
Kopi Good day the original,PT. Santos jaya abadi,1 g,90.0,1.0,16.0,2.5,13.0,0.0,1.0,4.19,1.67,4.92,3.73,0.0,0.0,0.0,0.0,5.0,5.0,4.0,0.0,1.0,0,1.0,Aman,Aman,Aman,Aman,Batasi,Batasi,gula sedang (13.00 g),0.0,0,0,0,0,1,1,3.4,1.54,3.33,3.72,2.7,0.0,0.0,PT. Santos jaya abadi
Naraya Coklat Cookies,Tidak Diketahui,1 g,50.0,1.0,6.0,3.0,0.0,45.0,0.0,2.33,1.67,1.85,4.48,3.0,0.0,3.0,0.0,0.0,3.0,5.0,0.0,1.0,0,1.0,Aman,Aman,Aman,Aman,Aman,Aman,kandungan pembatas relatif rendah,0.1125,0,0,0,0,0,0,1.89,1.54,4.0,1.4,0.0,3.0,3.0,Tidak Diketahui
Susu On gold standard whey,PT. Optimum Nutrition,0.50 g,120.0,20.0,3.0,1.8,1.6,0.0,0.5,5.58,33.33,0.92,2.69,0.0,0.0,0.0,34.0,0.0,6.0,3.0,0.0,0.5,0,0.5,Aman,Aman,Aman,Aman,Aman,Aman,kandungan pembatas relatif rendah,0.0,0,0,0,0,0,0,4.53,30.77,2.4,0.7,1.35,0.0,0.0,PT. Optimum Nutrition
Sariroti roti tawar gandum,PT. Nippon Indosari corporindo Tbk,6 g,190.0,6.0,32.0,3.5,2.0,290.0,6.0,8.84,10.0,9.85,5.22,19.33,0.0,20.0,10.0,0.0,0.0,0.0,20.0,6.0,0,6.0,Aman,Aman,Aman,Batasi,Aman,Batasi,natrium %AKG sedang (19.33%),0.725,0,0,0,1,0,1,7.17,9.23,4.67,7.44,16.22,19.33,19.33,PT. Nippon Indosari corporindo Tbk.
King's Fisher sarden sambal bangkok,PT. Bali Maya Permai Food Canning Industry,8 g,70.0,8.0,6.0,2.0,0.0,0.0,0.0,3.26,13.33,1.85,2.99,0.0,0.0,0.0,14.0,0.0,4.0,3.0,0.0,8.0,0,8.0,Aman,Aman,Aman,Aman,Aman,Aman,kandungan pembatas relatif rendah,0.0,0,0,0,0,0,0,2.64,12.31,2.67,1.4,0.0,0.0,0.0,PT. Bali Maya Permai Food Canning Industry
Ultra Sari Asem Asli,"PT. Ultrajaya Milk Industry, Tbk",0 g,130.0,0.0,32.0,0.0,0.0,0.0,0.0,6.05,0.0,9.85,0.0,0.0,0.0,0.0,0.0,10.0,7.0,0.0,0.0,0.0,1,2.0,Aman,Aman,Aman,Aman,Aman,Aman,kandungan pembatas relatif rendah,0.0,0,0,0,0,0,0,4.91,0.0,0.0,7.44,0.0,0.0,0.0,PT. Ultrajaya Milk Industry Tbk.
Mie Sedaap Cup Mi Kuah Bakso,PT.Wings food,8 g,350.0,8.0,45.0,15.0,0.0,1070.0,0.0,16.28,13.33,13.85,22.39,71.33,0.0,72.0,0.0,0.0,17.0,23.0,0.0,8.0,0,8.0,Batasi,Waspada,Aman,Waspada,Aman,Waspada,energi %AKG sedang (16.28%); lemak total %AKG tinggi (22.39%); natrium %AKG tinggi (71.33%),2.675,1,2,0,2,0,5,13.21,12.31,20.0,10.47,0.0,71.33,71.33,PT. Wings food
Croissant,Tidak Diketahui,1 g,180.0,3.0,21.0,9.0,0.0,0.0,1.0,8.37,5.0,6.46,13.43,0.0,0.0,0.0,0.0,7.0,9.0,14.0,0.0,1.0,0,1.0,Aman,Batasi,Aman,Aman,Aman,Batasi,lemak total %AKG sedang (13.43%),0.0,0,1,0,0,0,1,6.79,4.62,12.0,4.88,2.7,0.0,0.0,Tidak Diketahui
MR.P Cashewnuts,PT. Mitrasatrya Perkasautama,7 g,250.0,7.0,11.0,19.0,0.0,0.0,0.0,11.63,11.67,3.38,28.36,0.0,0.0,0.0,12.0,0.0,12.0,29.0,0.0,7.0,0,7.0,Batasi,Waspada,Aman,Aman,Aman,Waspada,energi %AKG sedang (11.63%); lemak total %AKG tinggi (28.36%),0.0,1,2,0,0,0,3,9.43,10.77,25.33,2.56,0.0,0.0,0.0,PT. Mitrasatrya Perkasautama
Origo coffe strawberry kopi susu,Tidak Diketahui,2.43 g,108.0,2.43,12.55,4.34,10.25,0.0,0.0,5.02,4.05,3.86,6.48,0.0,0.0,0.0,5.0,0.0,6.0,7.0,0.0,2.43,0,2.43,Aman,Aman,Aman,Aman,Batasi,Batasi,gula sedang (10.25 g),0.0,0,0,0,0,1,1,4.08,3.74,5.79,2.92,0.0,0.0,0.0,Tidak Diketahui
Permen KIS mini assorted,PT. Mayora Indah Tbk.,0 g,30.0,0.0,7.0,0.0,5.0,0.0,0.0,1.4,0.0,2.15,0.0,0.0,0.0,0.0,0.0,3.0,2.0,0.0,0.0,0.0,1,2.0,Aman,Aman,Aman,Aman,Aman,Aman,kandungan pembatas relatif rendah,0.0,0,0,0,0,0,0,1.13,0.0,0.0,1.63,0.0,0.0,0.0,PT. Mayora Indah Tbk.
donat Krispy kreme mini original glazed,Tidak Diketahui,0.30 g,83.3,1.0,10.0,4.3,4.7,0.0,0.3,3.87,1.67,3.08,6.42,0.0,0.0,0.0,0.0,4.0,4.0,7.0,0.0,0.3,0,0.3,Aman,Aman,Aman,Aman,Aman,Aman,kandungan pembatas relatif rendah,0.0,0,0,0,0,0,0,3.14,1.54,5.73,2.33,0.81,0.0,0.0,Tidak Diketahui
Sarimi Gelas Rasa Baso Sapi,PT. Indofood CBP Sukses Makmur Tbk,3 g,50.0,2.0,18.0,6.0,2.0,390.0,3.0,6.51,3.33,5.54,8.96,26.0,15.0,26.0,0.0,0.0,0.0,0.0,10.0,3.0,0,3.0,Aman,Aman,Batasi,Waspada,Aman,Waspada,lemak jenuh %AKG sedang (15.00%); natrium %AKG tinggi (26.00%),0.975,0,0,1,2,0,3,1.89,3.08,8.0,4.19,8.11,26.0,26.0,PT. Indofood CBP Sukses Makmur Tbk.
Maya Sardines Chili sause,PT. Maya Muncar,0.23 g,180.0,12.08,2.6,2.11,0.0,0.2,0.0,8.37,20.13,0.8,3.15,0.01,0.0,0.0,21.0,0.0,0.0,0.0,0.0,0.23,0,0.23,Aman,Aman,Aman,Aman,Aman,Aman,kandungan pembatas relatif rendah,0.0005,0,0,0,0,0,0,6.79,18.58,2.81,0.6,0.0,0.01,0.01,PT. Maya Muncar
Good Day rock caramello 3 in 1 200g,PT. Santos jaya abadi,1 g,40.0,1.0,14.0,4.5,13.0,100.0,1.0,4.65,1.67,4.31,6.72,6.67,23.0,7.0,0.0,0.0,0.0,7.0,0.0,1.0,0,1.0,Aman,Aman,Waspada,Aman,Batasi,Waspada,lemak jenuh %AKG tinggi (23.00%); gula sedang (13.00 g),0.25,0,0,2,0,1,3,1.51,1.54,6.0,3.26,2.7,6.67,6.67,PT. Santos jaya abadi
PRONAS Sarden saus pedas (425 g),PT. GEMA ISTA RAYA,8 g,80.0,8.0,2.0,4.0,0.0,120.0,0.0,3.72,13.33,0.62,5.97,8.0,13.0,0.0,14.0,0.0,0.0,0.0,0.0,8.0,0,8.0,Aman,Aman,Batasi,Aman,Aman,Batasi,lemak jenuh %AKG sedang (13.00%),0.3,0,0,1,0,0,1,3.02,12.31,5.33,0.47,0.0,8.0,8.0,PT. GEMA ISTA RAYA
Chitato,PT. Indofood CBP Sukses Makmur Tbk.,2 g,110.0,2.0,11.0,6.0,0.0,0.0,0.0,5.12,3.33,3.38,8.96,0.0,0.0,0.0,0.0,4.0,6.0,9.0,0.0,2.0,0,2.0,Aman,Aman,Aman,Aman,Aman,Aman,kandungan pembatas relatif rendah,0.0,0,0,0,0,0,0,4.15,3.08,8.0,2.56,0.0,0.0,0.0,PT. Indofood CBP Sukses Makmur Tbk.
Pop mie rasa baso,Tidak Diketahui,3 g,140.0,8.0,47.0,15.0,5.0,720.0,3.0,16.74,13.33,14.46,22.39,48.0,35.0,48.0,0.0,0.0,0.0,23.0,0.0,3.0,0,3.0,Batasi,Waspada,Waspada,Waspada,Aman,Waspada,energi %AKG sedang (16.74%); lemak total %AKG tinggi (22.39%); lemak jenuh %AKG tinggi (35.00%); natrium %AKG tinggi (48.00%),1.8,1,2,2,2,0,7,5.28,12.31,20.0,10.93,8.11,48.0,48.0,Tidak Diketahui
Sariroti sandwich coklat,PT. Nippon Indosari corporindo Tbk,2 g,150.0,3.0,21.0,6.0,4.0,125.0,2.0,6.98,5.0,6.46,8.96,8.33,0.0,9.0,0.0,0.0,7.0,9.0,0.0,2.0,0,2.0,Aman,Aman,Aman,Aman,Aman,Aman,kandungan pembatas relatif rendah,0.3125,0,0,0,0,0,0,5.66,4.62,8.0,4.88,5.41,8.33,8.33,PT. Nippon Indosari corporindo Tbk.
Lemonia Biscuit,PT. Serena Indopangan Industri,1 g,45.0,1.0,13.0,5.0,5.0,50.0,1.0,4.65,1.67,4.0,7.46,3.33,10.0,0.0,0.0,0.0,5.0,8.0,0.0,1.0,0,1.0,Aman,Aman,Batasi,Aman,Aman,Batasi,lemak jenuh %AKG sedang (10.00%),0.125,0,0,1,0,0,1,1.7,1.54,6.67,3.02,2.7,3.33,3.33,PT. Serena Indopangan Industri
Mie telur cap 3 ayam,PT. Indofood CBP Sukses Makmur Tbk.,6 g,230.0,8.0,49.0,0.0,2.0,0.0,6.0,10.7,13.33,15.08,0.0,0.0,0.0,0.0,14.0,16.0,0.0,0.0,20.0,6.0,0,6.0,Batasi,Aman,Aman,Aman,Aman,Batasi,energi %AKG sedang (10.70%),0.0,1,0,0,0,0,1,8.68,12.31,0.0,11.4,16.22,0.0,0.0,PT. Indofood CBP Sukses Makmur Tbk.
Starbucks hot caramel macchiato (nonfat milk),Tidak Diketahui,11 g,200.0,11.0,36.0,1.5,0.0,0.0,0.0,9.3,18.33,11.08,2.24,0.0,0.0,0.0,19.0,12.0,10.0,0.0,0.0,11.0,0,11.0,Aman,Aman,Aman,Aman,Aman,Aman,kandungan pembatas relatif rendah,0.0,0,0,0,0,0,0,7.55,16.92,2.0,8.37,0.0,0.0,0.0,Tidak Diketahui
Bango Bumbu Kuliner Nusantara Tongseng Khas Solo,PT. Sekar Laut Tbk,1 g,15.0,0.0,5.0,1.5,4.0,800.0,1.0,1.63,0.0,1.54,2.24,53.33,3.0,54.0,0.0,0.0,0.0,0.0,4.0,1.0,0,1.0,Aman,Aman,Aman,Waspada,Aman,Waspada,natrium %AKG tinggi (53.33%),2.0,0,0,0,2,0,2,0.57,0.0,2.0,1.16,2.7,53.33,53.33,PT. Sekar Laut Tbk.
Pizza hut deluxe cheeses,PT. Sarimelati kencana Tbk,1 g,150.0,6.0,17.0,6.0,2.0,0.0,1.0,6.98,10.0,5.23,8.96,0.0,0.0,0.0,10.0,0.0,7.0,9.0,0.0,1.0,0,1.0,Aman,Aman,Aman,Aman,Aman,Aman,kandungan pembatas relatif rendah,0.0,0,0,0,0,0,0,5.66,9.23,8.0,3.95,2.7,0.0,0.0,PT. Sarimelati kencana Tbk.
Mi ABC cup baso sapi,PT.Wings food,4 g,290.0,7.0,34.0,13.0,3.0,0.0,4.0,13.49,11.67,10.46,19.4,0.0,0.0,0.0,0.0,0.0,14.0,20.0,14.0,4.0,0,4.0,Batasi,Batasi,Aman,Aman,Aman,Batasi,energi %AKG sedang (13.49%); lemak total %AKG sedang (19.40%),0.0,1,1,0,0,0,2,10.94,10.77,17.33,7.91,10.81,0.0,0.0,PT. Wings food
Teh Javana,PT. Tirta Alam Segar,0 g,0.0,0.0,28.0,0.0,28.0,75.0,0.0,5.12,0.0,8.62,0.0,5.0,0.0,5.0,0.0,9.0,6.0,0.0,0.0,0.0,1,2.0,Aman,Aman,Aman,Aman,Waspada,Waspada,gula tinggi (28.00 g),0.1875,0,0,0,0,2,2,0.0,0.0,0.0,6.51,0.0,5.0,5.0,PT. Tirta Alam Segar
Biokul greek  yogurt,PT. Sukanda djaya,6 g,160.0,6.0,6.0,12.0,2.0,0.0,0.0,7.44,10.0,1.85,17.91,0.0,0.0,0.0,10.0,0.0,8.0,18.0,0.0,6.0,0,6.0,Aman,Batasi,Aman,Aman,Aman,Batasi,lemak total %AKG sedang (17.91%),0.0,0,1,0,0,0,1,6.04,9.23,16.0,1.4,0.0,0.0,0.0,PT. Sukanda djaya
Frisian flag sweet delight,PT. Frisian Flag Indonesia,6 g,150.0,6.0,20.0,6.0,18.0,75.0,0.0,6.98,10.0,6.15,8.96,5.0,0.0,0.0,10.0,0.0,7.0,9.0,0.0,6.0,0,6.0,Aman,Aman,Aman,Aman,Batasi,Batasi,gula sedang (18.00 g),0.1875,0,0,0,0,1,1,5.66,9.23,8.0,4.65,0.0,5.0,5.0,PT. Frisian Flag Indonesia
Ahh Nabati Richeese,Tidak Diketahui,0 g,10.0,0.0,3.0,1.0,1.0,15.0,0.0,0.93,0.0,0.92,1.49,1.0,3.0,1.0,0.0,0.0,0.0,2.0,0.0,0.0,1,2.0,Aman,Aman,Aman,Aman,Aman,Aman,kandungan pembatas relatif rendah,0.0375,0,0,0,0,0,0,0.38,0.0,1.33,0.7,0.0,1.0,1.0,Tidak Diketahui
Indomie mi kuah,PT. Indofood CBP Sukses Makmur Tbk.,2 g,300.0,7.0,43.0,11.0,3.0,0.0,2.0,13.95,11.67,13.23,16.42,0.0,0.0,0.0,0.0,14.0,14.0,17.0,0.0,2.0,0,2.0,Batasi,Batasi,Aman,Aman,Aman,Batasi,energi %AKG sedang (13.95%); lemak total %AKG sedang (16.42%),0.0,1,1,0,0,0,2,11.32,10.77,14.67,10.0,5.41,0.0,0.0,PT. Indofood CBP Sukses Makmur Tbk.
Keju mozzarella,Tidak Diketahui,27.50 g,280.0,27.5,3.1,17.1,0.0,0.0,0.0,13.02,45.83,0.95,25.52,0.0,0.0,0.0,46.0,0.0,14.0,26.0,0.0,27.5,0,27.5,Batasi,Waspada,Aman,Aman,Aman,Waspada,energi %AKG sedang (13.02%); lemak total %AKG tinggi (25.52%),0.0,1,2,0,0,0,3,10.57,42.31,22.8,0.72,0.0,0.0,0.0,Tidak Diketahui
Permen frozz lime mint,PT. Konimex,0 g,0.0,0.0,1.0,0.0,0.0,0.0,0.0,0.0,0.0,0.31,0.0,0.0,0.0,0.0,0.0,1.0,0.0,0.0,0.0,0.0,1,2.0,Aman,Aman,Aman,Aman,Aman,Aman,kandungan pembatas relatif rendah,0.0,0,0,0,0,0,0,0.0,0.0,0.0,0.23,0.0,0.0,0.0,PT. Konimex
Eskrim magnum white almond,PT. Andrawina Darma Manunggal Mulya,3 g,230.0,3.0,23.0,14.0,13.0,0.0,3.0,10.7,5.0,7.08,20.9,0.0,0.0,0.0,0.0,0.0,11.0,21.0,10.0,3.0,0,3.0,Batasi,Waspada,Aman,Aman,Batasi,Waspada,energi %AKG sedang (10.70%); lemak total %AKG tinggi (20.90%); gula sedang (13.00 g),0.0,1,2,0,0,1,4,8.68,4.62,18.67,5.35,8.11,0.0,0.0,PT. Andrawina Darma Manunggal Mulya
Pop mie mie goreng pedas,PT. Indofood CBP Sukses Makmur Tbk.,6 g,370.0,6.0,49.0,17.0,4.0,0.0,6.0,17.21,10.0,15.08,25.37,0.0,0.0,0.0,0.0,0.0,18.0,26.0,20.0,6.0,0,6.0,Batasi,Waspada,Aman,Aman,Aman,Waspada,energi %AKG sedang (17.21%); lemak total %AKG tinggi (25.37%),0.0,1,2,0,0,0,3,13.96,9.23,22.67,11.4,16.22,0.0,0.0,PT. Indofood CBP Sukses Makmur Tbk.
Roma Sandwich,Tidak Diketahui,2 g,140.0,2.0,17.0,7.0,6.0,80.0,0.0,6.51,3.33,5.23,10.45,5.33,0.0,6.0,0.0,0.0,7.0,11.0,0.0,2.0,0,2.0,Aman,Batasi,Aman,Aman,Aman,Batasi,lemak total %AKG sedang (10.45%),0.2,0,1,0,0,0,1,5.28,3.08,9.33,3.95,0.0,5.33,5.33,Tidak Diketahui
Piattos Sambal Geprek Flavor,PT. URC Indonesia,2 g,45.0,1.0,13.0,5.0,1.0,100.0,2.0,4.65,1.67,4.0,7.46,6.67,10.0,7.0,0.0,0.0,0.0,8.0,0.0,2.0,0,2.0,Aman,Aman,Batasi,Aman,Aman,Batasi,lemak jenuh %AKG sedang (10.00%),0.25,0,0,1,0,0,1,1.7,1.54,6.67,3.02,5.41,6.67,6.67,PT. URC Indonesia
Nutrijell pudding suus rasa vanila (120 g),PT. Forisa Nusapersada,0 g,40.0,0.0,8.0,0.5,5.0,30.0,0.0,1.86,0.0,2.46,0.75,2.0,0.0,2.0,0.0,3.0,2.0,0.0,0.0,0.0,1,2.0,Aman,Aman,Aman,Aman,Aman,Aman,kandungan pembatas relatif rendah,0.075,0,0,0,0,0,0,1.51,0.0,0.67,1.86,0.0,2.0,2.0,PT. Forisa Nusapersada
Mie sedaap kari spesial,PT. Indofood Sukses Makmur,3 g,340.0,8.0,48.0,13.0,2.0,0.0,3.0,15.81,13.33,14.77,19.4,0.0,0.0,0.0,0.0,15.0,16.0,20.0,0.0,3.0,0,3.0,Batasi,Batasi,Aman,Aman,Aman,Batasi,energi %AKG sedang (15.81%); lemak total %AKG sedang (19.40%),0.0,1,1,0,0,0,2,12.83,12.31,17.33,11.16,8.11,0.0,0.0,PT. Indofood Sukses Makmur
Permen mentos spearmint,PT. Perfetti van melle,0 g,5.0,0.0,1.0,0.0,0.0,0.0,0.0,0.23,0.0,0.31,0.0,0.0,0.0,0.0,0.0,1.0,1.0,0.0,0.0,0.0,1,2.0,Aman,Aman,Aman,Aman,Aman,Aman,kandungan pembatas relatif rendah,0.0,0,0,0,0,0,0,0.19,0.0,0.0,0.23,0.0,0.0,0.0,PT. Perfetti van melle
Teh Kotak Rasa Apel,"PT. Ultrajaya Milk Industry & Trading CO.,Tbk",0 g,100.0,0.0,24.0,0.0,20.0,50.0,0.0,4.65,0.0,7.38,0.0,3.33,0.0,4.0,0.0,8.0,5.0,0.0,0.0,0.0,1,2.0,Aman,Aman,Aman,Aman,Waspada,Waspada,gula tinggi (20.00 g),0.125,0,0,0,0,2,2,3.77,0.0,0.0,5.58,0.0,3.33,3.33,PT. Ultrajaya Milk Industry & Trading CO. Tbk.
Coklat Hershey's milk chocolate,Tidak Diketahui,0.10 g,22.0,0.3,2.8,1.3,2.6,0.0,0.1,1.02,0.5,0.86,1.94,0.0,0.0,0.0,0.0,1.0,2.0,2.0,0.0,0.1,0,0.1,Aman,Aman,Aman,Aman,Aman,Aman,kandungan pembatas relatif rendah,0.0,0,0,0,0,0,0,0.83,0.46,1.73,0.65,0.27,0.0,0.0,Tidak Diketahui
Puff pastry sheet,Tidak Diketahui,3 g,200.0,3.0,18.0,13.0,1.0,0.0,0.0,9.3,5.0,5.54,19.4,0.0,0.0,0.0,0.0,6.0,10.0,20.0,0.0,3.0,0,3.0,Aman,Batasi,Aman,Aman,Aman,Batasi,lemak total %AKG sedang (19.40%),0.0,0,1,0,0,0,1,7.55,4.62,17.33,4.19,0.0,0.0,0.0,Tidak Diketahui
Yogurt greek yummy original,PT. Heavenly nutrition indonesia,7 g,140.0,7.0,17.0,4.0,8.0,0.0,0.0,6.51,11.67,5.23,5.97,0.0,0.0,0.0,12.0,0.0,7.0,6.0,0.0,7.0,0,7.0,Aman,Aman,Aman,Aman,Aman,Aman,kandungan pembatas relatif rendah,0.0,0,0,0,0,0,0,5.28,10.77,5.33,3.95,0.0,0.0,0.0,PT. Heavenly nutrition indonesia
Nutrisari jus mangga,PT.Nutrifood indonesia,0 g,60.0,0.0,13.0,1.0,12.0,0.0,0.0,2.79,0.0,4.0,1.49,0.0,0.0,0.0,0.0,4.0,3.0,2.0,0.0,0.0,1,2.0,Aman,Aman,Aman,Aman,Batasi,Batasi,gula sedang (12.00 g),0.0,0,0,0,0,1,1,2.26,0.0,1.33,3.02,0.0,0.0,0.0,PT. Nutrifood indonesia
dancow susu bubuk fortigro full cream,Tidak Diketahui,6 g,120.0,6.0,10.0,7.0,0.0,90.0,0.0,5.58,10.0,3.08,10.45,6.0,0.0,6.0,10.0,0.0,0.0,11.0,0.0,6.0,0,6.0,Aman,Batasi,Aman,Aman,Aman,Batasi,lemak total %AKG sedang (10.45%),0.225,0,1,0,0,0,1,4.53,9.23,9.33,2.33,0.0,6.0,6.0,Tidak Diketahui
Supermi rasa Kaldu Ayam,PT. Indofood CBP Sukses Makmur Tbk,3 g,100.0,6.0,45.0,11.0,2.0,920.0,3.0,13.95,10.0,13.85,16.42,61.33,30.0,62.0,0.0,0.0,0.0,17.0,0.0,3.0,0,3.0,Batasi,Batasi,Waspada,Waspada,Aman,Waspada,energi %AKG sedang (13.95%); lemak total %AKG sedang (16.42%); lemak jenuh %AKG tinggi (30.00%); natrium %AKG tinggi (61.33%),2.3,1,1,2,2,0,6,3.77,9.23,14.67,10.47,8.11,61.33,61.33,PT. Indofood CBP Sukses Makmur Tbk.
Ademsari chingku herbal tea,PT. Sari Enesis Indonesia,0 g,90.0,0.0,21.0,0.0,21.0,0.0,0.0,4.19,0.0,6.46,0.0,0.0,0.0,0.0,0.0,7.0,5.0,0.0,0.0,0.0,1,2.0,Aman,Aman,Aman,Aman,Waspada,Waspada,gula tinggi (21.00 g),0.0,0,0,0,0,2,2,3.4,0.0,0.0,4.88,0.0,0.0,0.0,PT. Sari Enesis Indonesia
Supermi rasa steak ayam,Tidak Diketahui,4 g,140.0,7.0,54.0,15.0,6.0,590.0,4.0,17.67,11.67,16.62,22.39,39.33,35.0,40.0,0.0,0.0,0.0,23.0,0.0,4.0,0,4.0,Batasi,Waspada,Waspada,Waspada,Aman,Waspada,energi %AKG sedang (17.67%); lemak total %AKG tinggi (22.39%); lemak jenuh %AKG tinggi (35.00%); natrium %AKG tinggi (39.33%),1.475,1,2,2,2,0,7,5.28,10.77,20.0,12.56,10.81,39.33,39.33,Tidak Diketahui
Pronas chicken luncheon,PT. Canning Indonesia,3 g,80.0,4.0,3.0,6.0,0.0,0.0,3.0,3.72,6.67,0.92,8.96,0.0,0.0,0.0,7.0,0.0,0.0,9.0,10.0,3.0,0,3.0,Aman,Aman,Aman,Aman,Aman,Aman,kandungan pembatas relatif rendah,0.0,0,0,0,0,0,0,3.02,6.15,8.0,0.7,8.11,0.0,0.0,PT. Canning Indonesia
Chitato keripik kentang rasa sapi panggang,PT. Indofood CBP Sukses Makmur Tbk,2 g,110.0,2.0,11.0,6.0,0.0,115.0,0.0,5.12,3.33,3.38,8.96,7.67,0.0,8.0,0.0,0.0,6.0,9.0,0.0,2.0,0,2.0,Aman,Aman,Aman,Aman,Aman,Aman,kandungan pembatas relatif rendah,0.2875,0,0,0,0,0,0,4.15,3.08,8.0,2.56,0.0,7.67,7.67,PT. Indofood CBP Sukses Makmur Tbk.
Keju Lemnos Fetta Cheese,Tidak Diketahui,5.40 g,83.0,5.4,0.4,6.9,0.9,0.0,0.0,3.86,9.0,0.12,10.3,0.0,0.0,0.0,9.0,0.0,4.0,11.0,0.0,5.4,0,5.4,Aman,Batasi,Aman,Aman,Aman,Batasi,lemak total %AKG sedang (10.30%),0.0,0,1,0,0,0,1,3.13,8.31,9.2,0.09,0.0,0.0,0.0,Tidak Diketahui
Nissin wafer coklat,PT. Monde Mahkota Biskuit,2 g,50.0,2.0,20.0,6.0,8.0,70.0,0.0,6.51,3.33,6.15,8.96,4.67,15.0,0.0,0.0,0.0,7.0,9.0,0.0,2.0,0,2.0,Aman,Aman,Batasi,Aman,Aman,Batasi,lemak jenuh %AKG sedang (15.00%),0.175,0,0,1,0,0,1,1.89,3.08,8.0,4.65,0.0,4.67,4.67,PT. Monde Mahkota Biskuit
Sariroti Sandwich krim keju,PT. Nippon Indosari corporindo Tbk,1 g,130.0,3.0,17.0,6.0,3.0,260.0,1.0,6.05,5.0,5.23,8.96,17.33,0.0,18.0,0.0,0.0,7.0,9.0,0.0,1.0,0,1.0,Aman,Aman,Aman,Batasi,Aman,Batasi,natrium %AKG sedang (17.33%),0.65,0,0,0,1,0,1,4.91,4.62,8.0,3.95,2.7,17.33,17.33,PT. Nippon Indosari corporindo Tbk.
Susu My protein impact whey protein,PT. Natural Nusantara,0.50 g,105.0,20.0,3.0,1.8,1.6,0.0,0.5,4.88,33.33,0.92,2.69,0.0,0.0,0.0,34.0,0.0,5.0,3.0,0.0,0.5,0,0.5,Aman,Aman,Aman,Aman,Aman,Aman,kandungan pembatas relatif rendah,0.0,0,0,0,0,0,0,3.96,30.77,2.4,0.7,1.35,0.0,0.0,PT. Natural Nusantara
keripik Qtela singkong,PT. Arira Pangindo,0 g,100.0,0.0,14.0,5.0,1.0,0.0,0.0,4.65,0.0,4.31,7.46,0.0,0.0,0.0,0.0,5.0,5.0,8.0,0.0,0.0,1,2.0,Aman,Aman,Aman,Aman,Aman,Aman,kandungan pembatas relatif rendah,0.0,0,0,0,0,0,0,3.77,0.0,6.67,3.26,0.0,0.0,0.0,PT. Arira Pangindo
Milo Activ-Go 18 gram,PT. Nestle Indonesia,0 g,15.0,2.0,13.0,2.0,8.0,35.0,0.0,3.72,3.33,4.0,2.99,2.33,5.0,0.0,0.0,4.0,4.0,0.0,0.0,0.0,1,2.0,Aman,Aman,Aman,Aman,Aman,Aman,kandungan pembatas relatif rendah,0.0875,0,0,0,0,0,0,0.57,3.08,2.67,3.02,0.0,2.33,2.33,PT. Nestle Indonesia
Indomie rasa ayam bawang,PT. Indofood CBP Sukses Makmur Tbk.,2 g,100.0,7.0,43.0,11.0,3.0,1330.0,2.0,13.95,11.67,13.23,16.42,88.67,30.0,89.0,0.0,0.0,0.0,17.0,0.0,2.0,0,2.0,Batasi,Batasi,Waspada,Waspada,Aman,Waspada,energi %AKG sedang (13.95%); lemak total %AKG sedang (16.42%); lemak jenuh %AKG tinggi (30.00%); natrium %AKG tinggi (88.67%),3.325,1,1,2,2,0,6,3.77,10.77,14.67,10.0,5.41,88.67,88.67,PT. Indofood CBP Sukses Makmur Tbk.
Indomie rasa ayam special,PT. Indofood CBP Sukses Makmur Tbk.,2 g,90.0,7.0,44.0,10.0,3.0,1180.0,2.0,13.95,11.67,13.54,14.93,78.67,25.0,79.0,0.0,0.0,0.0,15.0,0.0,2.0,0,2.0,Batasi,Batasi,Waspada,Waspada,Aman,Waspada,energi %AKG sedang (13.95%); lemak total %AKG sedang (14.93%); lemak jenuh %AKG tinggi (25.00%); natrium %AKG tinggi (78.67%),2.95,1,1,2,2,0,6,3.4,10.77,13.33,10.23,5.41,78.67,78.67,PT. Indofood CBP Sukses Makmur Tbk.
Caotina,Tidak Diketahui,1 g,114.0,1.0,10.4,7.4,10.0,20.0,0.0,5.3,1.67,3.2,11.04,1.33,0.0,0.0,0.0,4.0,6.0,12.0,0.0,1.0,0,1.0,Aman,Batasi,Aman,Aman,Batasi,Batasi,lemak total %AKG sedang (11.04%); gula sedang (10.00 g),0.05,0,1,0,0,1,2,4.3,1.54,9.87,2.42,0.0,1.33,1.33,Tidak Diketahui
Yeo's Chrysantenum tea,PT. YHS Indonesia,0 g,90.0,0.0,22.0,0.0,22.0,0.0,0.0,4.19,0.0,6.77,0.0,0.0,0.0,0.0,0.0,7.0,5.0,0.0,0.0,0.0,1,2.0,Aman,Aman,Aman,Aman,Waspada,Waspada,gula tinggi (22.00 g),0.0,0,0,0,0,2,2,3.4,0.0,0.0,5.12,0.0,0.0,0.0,PT. YHS Indonesia
Teajus Gula Batu,PT.Karunia Alam Segar,0 g,25.0,0.0,6.0,0.0,5.0,0.0,0.0,1.16,0.0,1.85,0.0,0.0,0.0,0.0,0.0,2.0,2.0,0.0,0.0,0.0,1,2.0,Aman,Aman,Aman,Aman,Aman,Aman,kandungan pembatas relatif rendah,0.0,0,0,0,0,0,0,0.94,0.0,0.0,1.4,0.0,0.0,0.0,PT. Karunia Alam Segar
nestle cerelac bubur sereal susu rasa ayam sayur,Tidak Diketahui,8 g,210.0,8.0,34.0,5.0,0.0,150.0,0.0,9.77,13.33,10.46,7.46,10.0,0.0,10.0,14.0,11.0,0.0,0.0,0.0,8.0,0,8.0,Aman,Aman,Aman,Batasi,Aman,Batasi,natrium %AKG sedang (10.00%),0.375,0,0,0,1,0,1,7.92,12.31,6.67,7.91,0.0,10.0,10.0,Tidak Diketahui
Nissin UFO fried ramen 100 g,PT. nissin food indonesia,2 g,190.0,8.0,62.0,21.0,6.0,1980.0,2.0,21.86,13.33,19.08,31.34,132.0,45.0,132.0,0.0,0.0,0.0,32.0,0.0,2.0,0,2.0,Waspada,Waspada,Waspada,Waspada,Aman,Waspada,energi %AKG tinggi (21.86%); lemak total %AKG tinggi (31.34%); lemak jenuh %AKG tinggi (45.00%); natrium %AKG tinggi (132.00%),4.95,2,2,2,2,0,8,7.17,12.31,28.0,14.42,5.41,132.0,132.0,PT. nissin food indonesia
Ricola herb canndy,Tidak Diketahui,0 g,60.0,0.0,15.0,0.0,0.0,0.0,0.0,2.79,0.0,4.62,0.0,0.0,0.0,0.0,0.0,5.0,3.0,0.0,0.0,0.0,1,2.0,Aman,Aman,Aman,Aman,Aman,Aman,kandungan pembatas relatif rendah,0.0,0,0,0,0,0,0,2.26,0.0,0.0,3.49,0.0,0.0,0.0,Tidak Diketahui
ABC Minuman Asam Jawa,PT. Heinz ABC Indonesia,0 g,140.0,0.0,34.0,0.0,0.0,0.0,0.0,6.51,0.0,10.46,0.0,0.0,0.0,0.0,0.0,11.0,7.0,0.0,0.0,0.0,1,2.0,Aman,Aman,Aman,Aman,Aman,Aman,kandungan pembatas relatif rendah,0.0,0,0,0,0,0,0,5.28,0.0,0.0,7.91,0.0,0.0,0.0,PT. Heinz ABC Indonesia
Sirup Sunquick Orange,PT.Lasallefood,0 g,45.0,0.0,11.0,0.0,11.0,0.0,0.0,2.09,0.0,3.38,0.0,0.0,0.0,0.0,0.0,4.0,3.0,0.0,0.0,0.0,1,2.0,Aman,Aman,Aman,Aman,Batasi,Batasi,gula sedang (11.00 g),0.0,0,0,0,0,1,1,1.7,0.0,0.0,2.56,0.0,0.0,0.0,PT. Lasallefood
Indofood Racik Bumbu Nasi Goreng,Tidak Diketahui,0 g,0.0,0.0,4.0,0.0,2.0,1050.0,0.0,0.93,0.0,1.23,0.0,70.0,0.0,70.0,0.0,2.0,1.0,0.0,0.0,0.0,1,2.0,Aman,Aman,Aman,Waspada,Aman,Waspada,natrium %AKG tinggi (70.00%),2.625,0,0,0,2,0,2,0.0,0.0,0.0,0.93,0.0,70.0,70.0,Tidak Diketahui
Royco ayam bumbu rujak,PT. Unilever Indonesia,0 g,10.0,0.0,2.0,0.0,2.0,0.0,0.0,0.47,0.0,0.62,0.0,0.0,0.0,0.0,0.0,1.0,1.0,0.0,0.0,0.0,1,2.0,Aman,Aman,Aman,Aman,Aman,Aman,kandungan pembatas relatif rendah,0.0,0,0,0,0,0,0,0.38,0.0,0.0,0.47,0.0,0.0,0.0,PT. Unilever Indonesia
Fitbar,PT.Sanghiang perkasa,1 g,90.0,3.0,14.0,2.5,4.0,0.0,1.0,4.19,5.0,4.31,3.73,0.0,0.0,0.0,5.0,5.0,5.0,0.0,0.0,1.0,0,1.0,Aman,Aman,Aman,Aman,Aman,Aman,kandungan pembatas relatif rendah,0.0,0,0,0,0,0,0,3.4,4.62,3.33,3.26,2.7,0.0,0.0,PT. Sanghiang perkasa
Oishi Rasa Udang Pedas,Tidak Diketahui,0.50 g,12.5,1.0,8.0,1.5,1.0,95.0,0.5,2.33,1.67,2.46,2.24,6.33,4.0,7.0,0.0,3.0,0.0,0.0,0.0,0.5,0,0.5,Aman,Aman,Aman,Aman,Aman,Aman,kandungan pembatas relatif rendah,0.2375,0,0,0,0,0,0,0.47,1.54,2.0,1.86,1.35,6.33,6.33,Tidak Diketahui
Es krim Wall's double dutch,PT. Andrawina Darma Manunggal Mulya,1 g,150.0,3.0,18.0,7.0,9.0,0.0,1.0,6.98,5.0,5.54,10.45,0.0,0.0,0.0,0.0,6.0,7.0,11.0,0.0,1.0,0,1.0,Aman,Batasi,Aman,Aman,Aman,Batasi,lemak total %AKG sedang (10.45%),0.0,0,1,0,0,0,1,5.66,4.62,9.33,4.19,2.7,0.0,0.0,PT. Andrawina Darma Manunggal Mulya
Bamboe Tongseng,PT. Bamboe Indonesia,2 g,25.0,1.0,5.0,2.5,1.0,580.0,2.0,2.09,1.67,1.54,3.73,38.67,5.0,39.0,0.0,0.0,0.0,0.0,7.0,2.0,0,2.0,Aman,Aman,Aman,Waspada,Aman,Waspada,natrium %AKG tinggi (38.67%),1.45,0,0,0,2,0,2,0.94,1.54,3.33,1.16,5.41,38.67,38.67,PT. Bamboe Indonesia
Sambal Terasi Kokita,PT. Sekar Laut Tbk,1 g,30.0,1.0,5.0,1.0,1.0,0.0,0.0,1.4,1.67,1.54,1.49,0.0,0.0,0.0,2.0,2.0,0.0,2.0,0.0,1.0,0,1.0,Aman,Aman,Aman,Aman,Aman,Aman,kandungan pembatas relatif rendah,0.0,0,0,0,0,0,0,1.13,1.54,1.33,1.16,0.0,0.0,0.0,PT. Sekar Laut Tbk.
susu mama minuman khusus ibu hamil & menyusui rasa cokelat,Tidak Diketahui,9 g,190.0,9.0,26.0,5.0,0.0,115.0,0.0,8.84,15.0,8.0,7.46,7.67,0.0,0.0,15.0,8.0,9.0,0.0,0.0,9.0,0,9.0,Aman,Aman,Aman,Aman,Aman,Aman,kandungan pembatas relatif rendah,0.2875,0,0,0,0,0,0,7.17,13.85,6.67,6.05,0.0,7.67,7.67,Tidak Diketahui
monde boromon cookies,Tidak Diketahui,1 g,0.0,0.0,18.0,0.0,5.0,10.0,1.0,3.72,0.0,5.54,0.0,0.67,0.0,0.0,0.0,6.0,4.0,0.0,4.0,1.0,0,1.0,Aman,Aman,Aman,Aman,Aman,Aman,kandungan pembatas relatif rendah,0.025,0,0,0,0,0,0,0.0,0.0,0.0,4.19,2.7,0.67,0.67,Tidak Diketahui
Mi ABC cup mi ayam jamur,PT.Wings food,6 g,390.0,7.0,45.0,20.0,8.0,0.0,6.0,18.14,11.67,13.85,29.85,0.0,0.0,0.0,0.0,0.0,19.0,30.0,20.0,6.0,0,6.0,Batasi,Waspada,Aman,Aman,Aman,Waspada,energi %AKG sedang (18.14%); lemak total %AKG tinggi (29.85%),0.0,1,2,0,0,0,3,14.72,10.77,26.67,10.47,16.22,0.0,0.0,PT. Wings food
Permen RELAXA,PT. Aggel Langgeng,0 g,10.0,0.0,2.0,0.0,2.0,0.0,0.0,0.47,0.0,0.62,0.0,0.0,0.0,0.0,0.0,1.0,1.0,0.0,0.0,0.0,1,2.0,Aman,Aman,Aman,Aman,Aman,Aman,kandungan pembatas relatif rendah,0.0,0,0,0,0,0,0,0.38,0.0,0.0,0.47,0.0,0.0,0.0,PT. Aggel Langgeng
Kopi Good Day Chococinno,PT. Santos jaya abadi,1 g,98.0,1.0,17.0,2.0,0.0,15.0,0.0,4.56,1.67,5.23,2.99,1.0,0.0,0.0,0.0,6.0,5.0,3.0,0.0,1.0,0,1.0,Aman,Aman,Aman,Aman,Aman,Aman,kandungan pembatas relatif rendah,0.0375,0,0,0,0,0,0,3.7,1.54,2.67,3.95,0.0,1.0,1.0,PT. Santos jaya abadi
Pop Ice Taro,PT. Forisa Nusapersada,0 g,15.0,0.0,22.0,1.5,19.0,40.0,0.0,4.65,0.0,6.77,2.24,2.67,8.0,0.0,0.0,7.0,5.0,0.0,0.0,0.0,1,2.0,Aman,Aman,Aman,Aman,Batasi,Batasi,gula sedang (19.00 g),0.1,0,0,0,0,1,1,0.57,0.0,2.0,5.12,0.0,2.67,2.67,PT. Forisa Nusapersada
Bamboe Lodeh,PT. Bamboe Indonesia,0 g,10.0,1.0,0.0,1.0,0.0,980.0,0.0,0.7,1.67,0.0,1.49,65.33,5.0,66.0,2.0,0.0,0.0,0.0,0.0,0.0,1,2.0,Aman,Aman,Aman,Waspada,Aman,Waspada,natrium %AKG tinggi (65.33%),2.45,0,0,0,2,0,2,0.38,1.54,1.33,0.0,0.0,65.33,65.33,PT. Bamboe Indonesia
Starbucks chocolate croissant,Tidak Diketahui,2 g,340.0,5.0,38.0,20.0,13.0,0.0,2.0,15.81,8.33,11.69,29.85,0.0,0.0,0.0,0.0,12.0,16.0,30.0,0.0,2.0,0,2.0,Batasi,Waspada,Aman,Aman,Batasi,Waspada,energi %AKG sedang (15.81%); lemak total %AKG tinggi (29.85%); gula sedang (13.00 g),0.0,1,2,0,0,1,4,12.83,7.69,26.67,8.84,5.41,0.0,0.0,Tidak Diketahui
Mie Gaga Goreng Lada Hitam,"PT. Jakarana tama, bogor",9 g,390.0,9.0,53.0,16.0,0.0,1150.0,0.0,18.14,15.0,16.31,23.88,76.67,0.0,77.0,0.0,0.0,19.0,24.0,0.0,9.0,0,9.0,Batasi,Waspada,Aman,Waspada,Aman,Waspada,energi %AKG sedang (18.14%); lemak total %AKG tinggi (23.88%); natrium %AKG tinggi (76.67%),2.875,1,2,0,2,0,5,14.72,13.85,21.33,12.33,0.0,76.67,76.67,"PT. Jakarana tama, bogor"
Eskrim walls feast vanila,PT. Andrawina Darma Manunggal Mulya,1 g,140.0,2.0,15.0,8.0,13.0,0.0,1.0,6.51,3.33,4.62,11.94,0.0,0.0,0.0,0.0,5.0,7.0,12.0,0.0,1.0,0,1.0,Aman,Batasi,Aman,Aman,Batasi,Batasi,lemak total %AKG sedang (11.94%); gula sedang (13.00 g),0.0,0,1,0,0,1,2,5.28,3.08,10.67,3.49,2.7,0.0,0.0,PT. Andrawina Darma Manunggal Mulya
Es krim Diamond durian,PT. Sukanda djaya,2 g,100.0,2.0,12.0,6.0,9.0,0.0,0.0,4.65,3.33,3.69,8.96,0.0,0.0,0.0,0.0,4.0,5.0,9.0,0.0,2.0,0,2.0,Aman,Aman,Aman,Aman,Aman,Aman,kandungan pembatas relatif rendah,0.0,0,0,0,0,0,0,3.77,3.08,8.0,2.79,0.0,0.0,0.0,PT. Sukanda djaya
Promina sliky puding rasa strawberry,PT. Indofood CBP Sukses Makmur Tbk,1 g,110.0,1.0,19.0,3.0,11.0,12.0,0.0,5.12,1.67,5.85,4.48,0.8,0.0,0.0,0.0,6.0,6.0,5.0,0.0,1.0,0,1.0,Aman,Aman,Aman,Aman,Batasi,Batasi,gula sedang (11.00 g),0.03,0,0,0,0,1,1,4.15,1.54,4.0,4.42,0.0,0.8,0.8,PT. Indofood CBP Sukses Makmur Tbk.
Indofood Saos Tomat (135 ml),Tidak Diketahui,0 g,20.0,0.0,5.0,0.0,4.0,400.0,0.0,0.93,0.0,1.54,0.0,26.67,0.0,27.0,0.0,2.0,1.0,0.0,0.0,0.0,1,2.0,Aman,Aman,Aman,Waspada,Aman,Waspada,natrium %AKG tinggi (26.67%),1.0,0,0,0,2,0,2,0.75,0.0,0.0,1.16,0.0,26.67,26.67,Tidak Diketahui
Royco nasi goreng,PT. Unilever Indonesia,0 g,15.0,0.0,2.0,0.0,2.0,0.0,0.0,0.7,0.0,0.62,0.0,0.0,0.0,0.0,0.0,1.0,1.0,0.0,0.0,0.0,1,2.0,Aman,Aman,Aman,Aman,Aman,Aman,kandungan pembatas relatif rendah,0.0,0,0,0,0,0,0,0.57,0.0,0.0,0.47,0.0,0.0,0.0,PT. Unilever Indonesia
Starbucks Almond croissant,Tidak Diketahui,3 g,420.0,10.0,45.0,22.0,13.0,0.0,3.0,19.53,16.67,13.85,32.84,0.0,0.0,0.0,17.0,0.0,20.0,33.0,0.0,3.0,0,3.0,Batasi,Waspada,Aman,Aman,Batasi,Waspada,energi %AKG sedang (19.53%); lemak total %AKG tinggi (32.84%); gula sedang (13.00 g),0.0,1,2,0,0,1,4,15.85,15.38,29.33,10.47,8.11,0.0,0.0,Tidak Diketahui
Sari Wangi Teh Hitam Jahe & Kunyit,PT. Agri Wangi Indonesia,0 g,0.0,0.0,0.0,0.0,0.0,10.0,0.0,0.0,0.0,0.0,0.0,0.67,0.0,1.0,0.0,0.0,0.0,0.0,0.0,0.0,1,2.0,Aman,Aman,Aman,Aman,Aman,Aman,kandungan pembatas relatif rendah,0.025,0,0,0,0,0,0,0.0,0.0,0.0,0.0,0.0,0.67,0.67,PT. Agri Wangi Indonesia
Mom Miyuki Go Roa Keripik Pisang Goroho (Roa Pedas),Tidak Diketahui,1 g,180.0,1.0,24.0,8.0,14.0,50.0,0.0,8.37,1.67,7.38,11.94,3.33,35.0,0.0,0.0,0.0,9.0,12.0,0.0,1.0,0,1.0,Aman,Batasi,Waspada,Aman,Batasi,Waspada,lemak total %AKG sedang (11.94%); lemak jenuh %AKG tinggi (35.00%); gula sedang (14.00 g),0.125,0,1,2,0,1,4,6.79,1.54,10.67,5.58,0.0,3.33,3.33,Tidak Diketahui
Kopi Kapal api grande white coffe,PT. Santos jaya abadi,1 g,90.0,1.0,17.0,2.0,12.0,0.0,1.0,4.19,1.67,5.23,2.99,0.0,0.0,0.0,0.0,6.0,5.0,0.0,4.0,1.0,0,1.0,Aman,Aman,Aman,Aman,Batasi,Batasi,gula sedang (12.00 g),0.0,0,0,0,0,1,1,3.4,1.54,2.67,3.95,2.7,0.0,0.0,PT. Santos jaya abadi
Nissin Gekikara Ramen Rasa Carbonara Pedas,PT. NISSIN FOODS INDONESIA,7 g,350.0,7.0,53.0,12.0,0.0,1170.0,0.0,16.28,11.67,16.31,17.91,78.0,0.0,78.0,0.0,17.0,0.0,18.0,0.0,7.0,0,7.0,Batasi,Batasi,Aman,Waspada,Aman,Waspada,energi %AKG sedang (16.28%); lemak total %AKG sedang (17.91%); natrium %AKG tinggi (78.00%),2.925,1,1,0,2,0,4,13.21,10.77,16.0,12.33,0.0,78.0,78.0,PT. NISSIN FOODS INDONESIA
Es krim Diamond kacang hijau,PT. Sukanda djaya,4 g,220.0,4.0,12.0,11.0,8.0,0.0,0.0,10.23,6.67,3.69,16.42,0.0,0.0,0.0,7.0,0.0,11.0,17.0,0.0,4.0,0,4.0,Batasi,Batasi,Aman,Aman,Aman,Batasi,energi %AKG sedang (10.23%); lemak total %AKG sedang (16.42%),0.0,1,1,0,0,0,2,8.3,6.15,14.67,2.79,0.0,0.0,0.0,PT. Sukanda djaya
Kopiko coffe candy,PT. Mayora Indah Tbk.,0 g,40.0,0.0,8.0,1.0,6.0,0.0,0.0,1.86,0.0,2.46,1.49,0.0,0.0,0.0,0.0,3.0,2.0,2.0,0.0,0.0,1,2.0,Aman,Aman,Aman,Aman,Aman,Aman,kandungan pembatas relatif rendah,0.0,0,0,0,0,0,0,1.51,0.0,1.33,1.86,0.0,0.0,0.0,PT. Mayora Indah Tbk.
You C1000 vitamin orange,PT. Djojonegoro,0 g,80.0,0.0,20.0,0.0,20.0,0.0,0.0,3.72,0.0,6.15,0.0,0.0,0.0,0.0,0.0,7.0,4.0,0.0,0.0,0.0,1,2.0,Aman,Aman,Aman,Aman,Waspada,Waspada,gula tinggi (20.00 g),0.0,0,0,0,0,2,2,3.02,0.0,0.0,4.65,0.0,0.0,0.0,PT. Djojonegoro
yummy bites banana flavor,CV. KUSUMA FOOD INDONESIA,2 g,190.0,2.0,44.0,0.0,4.0,130.0,0.0,8.84,3.33,13.54,0.0,8.67,0.0,9.0,0.0,14.0,9.0,0.0,0.0,2.0,0,2.0,Aman,Aman,Aman,Aman,Aman,Aman,kandungan pembatas relatif rendah,0.325,0,0,0,0,0,0,7.17,3.08,0.0,10.23,0.0,8.67,8.67,CV. KUSUMA FOOD INDONESIA
Kopiko 78'C coffe latte,PT. Mayora Indah Tbk.,4 g,160.0,4.0,28.0,3.0,24.0,0.0,0.0,7.44,6.67,8.62,4.48,0.0,0.0,0.0,7.0,9.0,8.0,0.0,0.0,4.0,0,4.0,Aman,Aman,Aman,Aman,Waspada,Waspada,gula tinggi (24.00 g),0.0,0,0,0,0,2,2,6.04,6.15,4.0,6.51,0.0,0.0,0.0,PT. Mayora Indah Tbk.
Hershey's Spreads,Tidak Diketahui,1 g,190.0,3.0,20.0,12.0,19.0,50.0,1.0,8.84,5.0,6.15,17.91,3.33,0.0,0.0,0.0,7.0,9.0,18.0,0.0,1.0,0,1.0,Aman,Batasi,Aman,Aman,Batasi,Batasi,lemak total %AKG sedang (17.91%); gula sedang (19.00 g),0.125,0,1,0,0,1,2,7.17,4.62,16.0,4.65,2.7,3.33,3.33,Tidak Diketahui
Gery Saluut Malkist Double Abon,PT.Garudafood Putra Putri Jaya,1 g,90.0,1.0,15.0,2.5,3.0,930.0,0.0,4.19,1.67,4.62,3.73,62.0,13.0,62.0,0.0,5.0,0.0,0.0,0.0,1.0,0,1.0,Aman,Aman,Batasi,Waspada,Aman,Waspada,lemak jenuh %AKG sedang (13.00%); natrium %AKG tinggi (62.00%),2.325,0,0,1,2,0,3,3.4,1.54,3.33,3.49,0.0,62.0,62.0,PT. Garudafood Putra Putri Jaya
Doritos barbeque,PT. Indofoodd fretolay makmur,2 g,100.0,2.0,13.0,4.5,1.0,0.0,0.0,4.65,3.33,4.0,6.72,0.0,0.0,0.0,0.0,4.0,5.0,7.0,0.0,2.0,0,2.0,Aman,Aman,Aman,Aman,Aman,Aman,kandungan pembatas relatif rendah,0.0,0,0,0,0,0,0,3.77,3.08,6.0,3.02,0.0,0.0,0.0,PT. Indofoodd fretolay makmur
Buavita Orange,"PT. Ultrajaya Milk Industry, Tbk",0.50 g,120.0,0.0,28.0,0.0,23.0,0.0,0.5,5.58,0.0,8.62,0.0,0.0,0.0,0.0,0.0,9.0,6.0,0.0,2.0,0.5,0,0.5,Aman,Aman,Aman,Aman,Waspada,Waspada,gula tinggi (23.00 g),0.0,0,0,0,0,2,2,4.53,0.0,0.0,6.51,1.35,0.0,0.0,PT. Ultrajaya Milk Industry Tbk.
Mi sedaap cup mi goreng,PT. Prakarsa Alam Segar,7 g,390.0,6.0,52.0,18.0,5.0,0.0,7.0,18.14,10.0,16.0,26.87,0.0,0.0,0.0,0.0,0.0,19.0,27.0,24.0,7.0,0,7.0,Batasi,Waspada,Aman,Aman,Aman,Waspada,energi %AKG sedang (18.14%); lemak total %AKG tinggi (26.87%),0.0,1,2,0,0,0,3,14.72,9.23,24.0,12.09,18.92,0.0,0.0,PT. Prakarsa Alam Segar
Permen Xylitol Blueberry Mint,Tidak Diketahui,0 g,10.0,0.0,2.0,0.0,0.0,0.0,0.0,0.47,0.0,0.62,0.0,0.0,0.0,0.0,0.0,1.0,1.0,0.0,0.0,0.0,1,2.0,Aman,Aman,Aman,Aman,Aman,Aman,kandungan pembatas relatif rendah,0.0,0,0,0,0,0,0,0.38,0.0,0.0,0.47,0.0,0.0,0.0,Tidak Diketahui
Susu WRP Lose weight stroberi,PT.Nutrifood indonesia,2 g,220.0,14.0,25.0,6.0,21.0,0.0,2.0,10.23,23.33,7.69,8.96,0.0,0.0,0.0,24.0,0.0,11.0,9.0,0.0,2.0,0,2.0,Batasi,Aman,Aman,Aman,Waspada,Waspada,energi %AKG sedang (10.23%); gula tinggi (21.00 g),0.0,1,0,0,0,2,3,8.3,21.54,8.0,5.81,5.41,0.0,0.0,PT. Nutrifood indonesia
Nissin Gekikara Ramen rasa Ayam Pedas,PT. NISSIN FOODS INDONESIA,7 g,360.0,7.0,52.0,14.0,0.0,1030.0,0.0,16.74,11.67,16.0,20.9,68.67,0.0,69.0,0.0,0.0,17.0,21.0,0.0,7.0,0,7.0,Batasi,Waspada,Aman,Waspada,Aman,Waspada,energi %AKG sedang (16.74%); lemak total %AKG tinggi (20.90%); natrium %AKG tinggi (68.67%),2.575,1,2,0,2,0,5,13.58,10.77,18.67,12.09,0.0,68.67,68.67,PT. NISSIN FOODS INDONESIA
Mr. Bread Roti tawar,PT. Mr. Bread Company,2.50 g,198.0,7.0,36.0,3.0,2.5,269.0,2.5,9.21,11.67,11.08,4.48,17.93,0.0,18.0,12.0,12.0,0.0,0.0,0.0,2.5,0,2.5,Aman,Aman,Aman,Batasi,Aman,Batasi,natrium %AKG sedang (17.93%),0.6725,0,0,0,1,0,1,7.47,10.77,4.0,8.37,6.76,17.93,17.93,PT. Mr. Bread Company
Indomie mi goreng aceh,PT. Indofood CBP Sukses Makmur Tbk.,6 g,170.0,9.0,55.0,19.0,6.0,790.0,6.0,20.0,15.0,16.92,28.36,52.67,45.0,53.0,0.0,0.0,0.0,29.0,0.0,6.0,0,6.0,Waspada,Waspada,Waspada,Waspada,Aman,Waspada,energi %AKG tinggi (20.00%); lemak total %AKG tinggi (28.36%); lemak jenuh %AKG tinggi (45.00%); natrium %AKG tinggi (52.67%),1.975,2,2,2,2,0,8,6.42,13.85,25.33,12.79,16.22,52.67,52.67,PT. Indofood CBP Sukses Makmur Tbk.
Ichitan Thailand Milk Tea,PT. Hon Chuan Indonesia,3 g,50.0,3.0,36.0,6.0,25.0,160.0,0.0,9.77,5.0,11.08,8.96,10.67,0.0,11.0,0.0,12.0,10.0,0.0,0.0,3.0,0,3.0,Aman,Aman,Aman,Batasi,Waspada,Waspada,natrium %AKG sedang (10.67%); gula tinggi (25.00 g),0.4,0,0,0,1,2,3,1.89,4.62,8.0,8.37,0.0,10.67,10.67,PT. Hon Chuan Indonesia
Top coffee Gula Aren,PT.Wings food,1 g,20.0,1.0,18.0,2.5,14.0,35.0,0.0,4.65,1.67,5.54,3.73,2.33,0.0,0.0,0.0,6.0,5.0,4.0,0.0,1.0,0,1.0,Aman,Aman,Aman,Aman,Batasi,Batasi,gula sedang (14.00 g),0.0875,0,0,0,0,1,1,0.75,1.54,3.33,4.19,0.0,2.33,2.33,PT. Wings food
Maggi Magic Lezat Bumbu Penyedap,PT. Fairpack Indonesia,1 g,5.0,1.0,1.0,0.0,0.0,970.0,0.0,0.23,1.67,0.31,0.0,64.67,0.0,65.0,2.0,1.0,0.0,0.0,0.0,1.0,0,1.0,Aman,Aman,Aman,Waspada,Aman,Waspada,natrium %AKG tinggi (64.67%),2.425,0,0,0,2,0,2,0.19,1.54,0.0,0.23,0.0,64.67,64.67,PT. Fairpack Indonesia
Good Time Cookies,Tidak Diketahui,1 g,50.0,2.0,21.0,6.0,10.0,220.0,1.0,6.51,3.33,6.46,8.96,14.67,20.0,15.0,0.0,0.0,0.0,9.0,0.0,1.0,0,1.0,Aman,Aman,Waspada,Batasi,Batasi,Waspada,lemak jenuh %AKG tinggi (20.00%); natrium %AKG sedang (14.67%); gula sedang (10.00 g),0.55,0,0,2,1,1,4,1.89,3.08,8.0,4.88,2.7,14.67,14.67,Tidak Diketahui
Heavenly blush greek yogurt,PT. Heavenly nutrition indonesia,3 g,170.0,6.0,16.0,9.0,9.0,0.0,3.0,7.91,10.0,4.92,13.43,0.0,0.0,0.0,10.0,0.0,0.0,14.0,10.0,3.0,0,3.0,Aman,Batasi,Aman,Aman,Aman,Batasi,lemak total %AKG sedang (13.43%),0.0,0,1,0,0,0,1,6.42,9.23,12.0,3.72,8.11,0.0,0.0,PT. Heavenly nutrition indonesia
Biskuit meiji Hello panda,PT. Indotrada utama,1 g,230.0,3.0,30.0,10.0,12.0,0.0,1.0,10.7,5.0,9.23,14.93,0.0,0.0,0.0,0.0,10.0,11.0,15.0,0.0,1.0,0,1.0,Batasi,Batasi,Aman,Aman,Batasi,Batasi,energi %AKG sedang (10.70%); lemak total %AKG sedang (14.93%); gula sedang (12.00 g),0.0,1,1,0,0,1,3,8.68,4.62,13.33,6.98,2.7,0.0,0.0,PT. Indotrada utama
Prosana Proffle Biskuit Waffle Tinggi Protein,PT.Kreasi Inovasi Prosana,0 g,20.0,5.0,12.0,2.0,2.0,65.0,0.0,3.72,8.33,3.69,2.99,4.33,5.0,5.0,9.0,0.0,0.0,0.0,0.0,0.0,1,2.0,Aman,Aman,Aman,Aman,Aman,Aman,kandungan pembatas relatif rendah,0.1625,0,0,0,0,0,0,0.75,7.69,2.67,2.79,0.0,4.33,4.33,PT. Kreasi Inovasi Prosana
Nutrisari Jeju orange,PT.Nutrifood indonesia,0 g,60.0,0.0,14.0,0.0,11.0,0.0,0.0,2.79,0.0,4.31,0.0,0.0,0.0,0.0,0.0,5.0,3.0,0.0,0.0,0.0,1,2.0,Aman,Aman,Aman,Aman,Batasi,Batasi,gula sedang (11.00 g),0.0,0,0,0,0,1,1,2.26,0.0,0.0,3.26,0.0,0.0,0.0,PT. Nutrifood indonesia
ABC Sari Kacang Hijau,PT. ABC Heinz Indonesia,2 g,160.0,2.0,36.0,0.0,0.0,0.0,0.0,7.44,3.33,11.08,0.0,0.0,0.0,0.0,4.0,12.0,8.0,0.0,0.0,2.0,0,2.0,Aman,Aman,Aman,Aman,Aman,Aman,kandungan pembatas relatif rendah,0.0,0,0,0,0,0,0,6.04,3.08,0.0,8.37,0.0,0.0,0.0,PT. ABC Heinz Indonesia
Indofood Sambal Pedas Dahsyat (135 ml),Tidak Diketahui,0 g,25.0,0.0,5.0,0.0,4.0,270.0,0.0,1.16,0.0,1.54,0.0,18.0,0.0,18.0,0.0,2.0,2.0,0.0,0.0,0.0,1,2.0,Aman,Aman,Aman,Batasi,Aman,Batasi,natrium %AKG sedang (18.00%),0.675,0,0,0,1,0,1,0.94,0.0,0.0,1.16,0.0,18.0,18.0,Tidak Diketahui
Sosis Kanzler German Bratwurst,Tidak Diketahui,0 g,150.0,0.0,0.0,12.0,0.0,435.0,0.0,6.98,0.0,0.0,17.91,29.0,0.0,29.0,0.0,0.0,0.0,18.0,0.0,0.0,1,2.0,Aman,Batasi,Aman,Waspada,Aman,Waspada,lemak total %AKG sedang (17.91%); natrium %AKG tinggi (29.00%),1.0875,0,1,0,2,0,3,5.66,0.0,16.0,0.0,0.0,29.0,29.0,Tidak Diketahui
Teh botol sosro less sugar,PT.Sinar Sosro,0 g,90.0,0.0,22.0,0.0,22.0,0.0,0.0,4.19,0.0,6.77,0.0,0.0,0.0,0.0,0.0,7.0,5.0,0.0,0.0,0.0,1,2.0,Aman,Aman,Aman,Aman,Waspada,Waspada,gula tinggi (22.00 g),0.0,0,0,0,0,2,2,3.4,0.0,0.0,5.12,0.0,0.0,0.0,PT. Sinar Sosro
Chitato Maxx Spicy Mexican Chili Flavor,PT. Indofood Fritolay Makmur,1 g,50.0,1.0,12.0,6.0,1.0,90.0,0.0,5.12,1.67,3.69,8.96,6.0,13.0,6.0,0.0,0.0,0.0,9.0,0.0,1.0,0,1.0,Aman,Aman,Batasi,Aman,Aman,Batasi,lemak jenuh %AKG sedang (13.00%),0.225,0,0,1,0,0,1,1.89,1.54,8.0,2.79,0.0,6.0,6.0,PT. Indofood Fritolay Makmur
Better Sandwich Biscuit,PT. Mayora Indah Tbk.,1 g,60.0,2.0,18.0,7.0,9.0,75.0,1.0,6.51,3.33,5.54,10.45,5.0,0.0,0.0,0.0,6.0,7.0,11.0,0.0,1.0,0,1.0,Aman,Batasi,Aman,Aman,Aman,Batasi,lemak total %AKG sedang (10.45%),0.1875,0,1,0,0,0,1,2.26,3.08,9.33,4.19,2.7,5.0,5.0,PT. Mayora Indah Tbk.
Coca cola zero sugar,Tidak Diketahui,0 g,0.0,0.0,0.0,0.0,0.0,0.0,0.0,0.0,0.0,0.0,0.0,0.0,0.0,0.0,0.0,0.0,0.0,0.0,0.0,0.0,1,2.0,Aman,Aman,Aman,Aman,Aman,Aman,kandungan pembatas relatif rendah,0.0,0,0,0,0,0,0,0.0,0.0,0.0,0.0,0.0,0.0,0.0,Tidak Diketahui
Oreo dutch Cocoa wafer,PT. Unggul Indo Modern Sejahtera,2 g,50.0,1.0,17.0,6.0,9.0,50.0,2.0,6.05,1.67,5.23,8.96,3.33,15.0,0.0,0.0,0.0,0.0,9.0,7.0,2.0,0,2.0,Aman,Aman,Batasi,Aman,Aman,Batasi,lemak jenuh %AKG sedang (15.00%),0.125,0,0,1,0,0,1,1.89,1.54,8.0,3.95,5.41,3.33,3.33,PT. Unggul Indo Modern Sejahtera
Yogurt greek heavenly blush strawberrt,PT. Heavenly nutrition indonesia,4 g,170.0,5.0,18.0,9.0,10.0,45.0,4.0,7.91,8.33,5.54,13.43,3.0,0.0,0.0,9.0,0.0,0.0,14.0,14.0,4.0,0,4.0,Aman,Batasi,Aman,Aman,Batasi,Batasi,lemak total %AKG sedang (13.43%); gula sedang (10.00 g),0.1125,0,1,0,0,1,2,6.42,7.69,12.0,4.19,10.81,3.0,3.0,PT. Heavenly nutrition indonesia
Monde Boromon Wafers rasa Strawberry susu,PT. Monde Mahkota Biskuit,2 g,60.0,1.0,17.0,6.0,7.0,35.0,2.0,6.05,1.67,5.23,8.96,2.33,18.0,0.0,0.0,0.0,0.0,9.0,7.0,2.0,0,2.0,Aman,Aman,Batasi,Aman,Aman,Batasi,lemak jenuh %AKG sedang (18.00%),0.0875,0,0,1,0,0,1,2.26,1.54,8.0,3.95,5.41,2.33,2.33,PT. Monde Mahkota Biskuit
Frisian flag california strawberry low fat,PT. Frisian Flag Indonesia,7 g,150.0,7.0,24.0,2.5,22.0,125.0,0.0,6.98,11.67,7.38,3.73,8.33,0.0,9.0,12.0,8.0,0.0,0.0,0.0,7.0,0,7.0,Aman,Aman,Aman,Aman,Waspada,Waspada,gula tinggi (22.00 g),0.3125,0,0,0,0,2,2,5.66,10.77,3.33,5.58,0.0,8.33,8.33,PT. Frisian Flag Indonesia
HILO PLATINUM Swiss Chocolate Flavour,PT. Nutrifood Indonesia,8 g,130.0,8.0,21.0,2.0,0.0,150.0,0.0,6.05,13.33,6.46,2.99,10.0,0.0,10.0,14.0,7.0,0.0,0.0,0.0,8.0,0,8.0,Aman,Aman,Aman,Batasi,Aman,Batasi,natrium %AKG sedang (10.00%),0.375,0,0,0,1,0,1,4.91,12.31,2.67,4.88,0.0,10.0,10.0,PT. Nutrifood Indonesia
Frisian flag gold (kental manis),PT. Frisian Flag Indonesia,3 g,130.0,3.0,22.0,3.5,21.0,0.0,0.0,6.05,5.0,6.77,5.22,0.0,0.0,0.0,0.0,7.0,7.0,6.0,0.0,3.0,0,3.0,Aman,Aman,Aman,Aman,Waspada,Waspada,gula tinggi (21.00 g),0.0,0,0,0,0,2,2,4.91,4.62,4.67,5.12,0.0,0.0,0.0,PT. Frisian Flag Indonesia
Teh Kotak Rasa Blackcurrant,"PT. Ultrajaya Milk Industry & Trading CO.,Tbk",0 g,100.0,0.0,24.0,0.0,21.0,50.0,0.0,4.65,0.0,7.38,0.0,3.33,0.0,4.0,0.0,8.0,5.0,0.0,0.0,0.0,1,2.0,Aman,Aman,Aman,Aman,Waspada,Waspada,gula tinggi (21.00 g),0.125,0,0,0,0,2,2,3.77,0.0,0.0,5.58,0.0,3.33,3.33,PT. Ultrajaya Milk Industry & Trading CO. Tbk.
Oishi Snack Sponge Crunch Chocolate,PT. Liwayway,0 g,45.0,1.0,11.0,5.0,5.0,20.0,0.0,4.19,1.67,3.38,7.46,1.33,0.0,0.0,0.0,4.0,5.0,8.0,0.0,0.0,1,2.0,Aman,Aman,Aman,Aman,Aman,Aman,kandungan pembatas relatif rendah,0.05,0,0,0,0,0,0,1.7,1.54,6.67,2.56,0.0,1.33,1.33,PT. Liwayway
Butter cookies Monde,PT. nissin biscuit indonesia,2 g,70.0,2.0,20.0,8.0,7.0,0.0,0.0,7.44,3.33,6.15,11.94,0.0,0.0,0.0,0.0,7.0,8.0,12.0,0.0,2.0,0,2.0,Aman,Batasi,Aman,Aman,Aman,Batasi,lemak total %AKG sedang (11.94%),0.0,0,1,0,0,0,1,2.64,3.08,10.67,4.65,0.0,0.0,0.0,PT. nissin biscuit indonesia
Es krim Wall's oreo cookies cream,PT. Andrawina Darma Manunggal Mulya,1 g,140.0,2.0,17.0,7.0,11.0,0.0,1.0,6.51,3.33,5.23,10.45,0.0,0.0,0.0,0.0,6.0,7.0,11.0,0.0,1.0,0,1.0,Aman,Batasi,Aman,Aman,Batasi,Batasi,lemak total %AKG sedang (10.45%); gula sedang (11.00 g),0.0,0,1,0,0,1,2,5.28,3.08,9.33,3.95,2.7,0.0,0.0,PT. Andrawina Darma Manunggal Mulya
Nissin Walens Chocosoes,PT.Nissin Foods Indonesia,2 g,80.0,2.0,14.0,8.0,8.0,65.0,0.0,6.51,3.33,4.31,11.94,4.33,0.0,5.0,0.0,0.0,7.0,12.0,0.0,2.0,0,2.0,Aman,Batasi,Aman,Aman,Aman,Batasi,lemak total %AKG sedang (11.94%),0.1625,0,1,0,0,0,1,3.02,3.08,10.67,3.26,0.0,4.33,4.33,PT. Nissin Foods Indonesia
East Bali Cashews Granola With Rosella Cinnamon,CV. Mente Bali Sejahtera,2.50 g,126.0,2.5,18.5,4.0,5.0,118.5,2.5,5.86,4.17,5.69,5.97,7.9,10.0,8.0,0.0,0.0,0.0,0.0,9.0,2.5,0,2.5,Aman,Aman,Batasi,Aman,Aman,Batasi,lemak jenuh %AKG sedang (10.00%),0.29625,0,0,1,0,0,1,4.75,3.85,5.33,4.3,6.76,7.9,7.9,CV. Mente Bali Sejahtera
Jasjus Rasa Anggur,PT.Alam Karunia Segar,0 g,25.0,0.0,6.0,0.0,5.0,15.0,0.0,1.16,0.0,1.85,0.0,1.0,0.0,1.0,0.0,2.0,2.0,0.0,0.0,0.0,1,2.0,Aman,Aman,Aman,Aman,Aman,Aman,kandungan pembatas relatif rendah,0.0375,0,0,0,0,0,0,0.94,0.0,0.0,1.4,0.0,1.0,1.0,PT. Alam Karunia Segar
Indomie kari ayam,PT. Indofood CBP Sukses Makmur Tbk.,2 g,320.0,7.0,46.0,12.0,4.0,0.0,2.0,14.88,11.67,14.15,17.91,0.0,0.0,0.0,0.0,15.0,15.0,18.0,0.0,2.0,0,2.0,Batasi,Batasi,Aman,Aman,Aman,Batasi,energi %AKG sedang (14.88%); lemak total %AKG sedang (17.91%),0.0,1,1,0,0,0,2,12.08,10.77,16.0,10.7,5.41,0.0,0.0,PT. Indofood CBP Sukses Makmur Tbk.
You C1000 vitamin apple,PT. Djojonegoro,0 g,60.0,0.0,14.0,0.0,14.0,0.0,0.0,2.79,0.0,4.31,0.0,0.0,0.0,0.0,0.0,5.0,3.0,0.0,0.0,0.0,1,2.0,Aman,Aman,Aman,Aman,Batasi,Batasi,gula sedang (14.00 g),0.0,0,0,0,0,1,1,2.26,0.0,0.0,3.26,0.0,0.0,0.0,PT. Djojonegoro
Roti gandum,Tidak Diketahui,4 g,267.0,10.72,48.68,3.24,5.91,508.0,4.0,12.42,17.87,14.98,4.84,33.87,0.0,34.0,18.0,0.0,0.0,0.0,0.0,4.0,0,4.0,Batasi,Aman,Aman,Waspada,Aman,Waspada,energi %AKG sedang (12.42%); natrium %AKG tinggi (33.87%),1.27,1,0,0,2,0,3,10.08,16.49,4.32,11.32,10.81,33.87,33.87,Tidak Diketahui
Walens choco soes,PT. nissin biscuit indonesia,2 g,140.0,2.0,14.0,8.0,0.0,0.0,0.0,6.51,3.33,4.31,11.94,0.0,0.0,0.0,0.0,5.0,7.0,12.0,0.0,2.0,0,2.0,Aman,Batasi,Aman,Aman,Aman,Batasi,lemak total %AKG sedang (11.94%),0.0,0,1,0,0,0,1,5.28,3.08,10.67,3.26,0.0,0.0,0.0,PT. nissin biscuit indonesia
Yogurt mixed berry,PT. Greenfield Indonesia,4 g,140.0,4.0,22.0,4.0,0.0,30.0,4.0,6.51,6.67,6.77,5.97,2.0,13.0,0.0,0.0,7.0,0.0,0.0,14.0,4.0,0,4.0,Aman,Aman,Batasi,Aman,Aman,Batasi,lemak jenuh %AKG sedang (13.00%),0.075,0,0,1,0,0,1,5.28,6.15,5.33,5.12,10.81,2.0,2.0,PT. Greenfield Indonesia
Susu Bear brand gold malt putih,PT. Nestle Indonesia,4 g,120.0,4.0,19.0,1.5,0.0,0.0,0.0,5.58,6.67,5.85,2.24,0.0,0.0,0.0,7.0,6.0,6.0,0.0,0.0,4.0,0,4.0,Aman,Aman,Aman,Aman,Aman,Aman,kandungan pembatas relatif rendah,0.0,0,0,0,0,0,0,4.53,6.15,2.0,4.42,0.0,0.0,0.0,PT. Nestle Indonesia
Carman's bircher muesli,Tidak Diketahui,7.90 g,421.0,14.7,48.1,17.1,16.0,0.0,7.9,19.58,24.5,14.8,25.52,0.0,0.0,0.0,25.0,0.0,0.0,26.0,27.0,7.9,0,7.9,Batasi,Waspada,Aman,Aman,Batasi,Waspada,energi %AKG sedang (19.58%); lemak total %AKG tinggi (25.52%); gula sedang (16.00 g),0.0,1,2,0,0,1,4,15.89,22.62,22.8,11.19,21.35,0.0,0.0,Tidak Diketahui
Nutrisari jus jambu,PT. Nutrifood Indonesia,0 g,60.0,0.0,13.0,1.5,12.0,0.0,0.0,2.79,0.0,4.0,2.24,0.0,0.0,0.0,0.0,4.0,3.0,3.0,0.0,0.0,1,2.0,Aman,Aman,Aman,Aman,Batasi,Batasi,gula sedang (12.00 g),0.0,0,0,0,0,1,1,2.26,0.0,2.0,3.02,0.0,0.0,0.0,PT. Nutrifood Indonesia
Ultra milk low fat source of calcium,"PT. Ultrajaya Milk Industry, Tbk",7 g,90.0,7.0,11.0,2.5,0.0,105.0,0.0,4.19,11.67,3.38,3.73,7.0,8.0,7.0,12.0,0.0,0.0,0.0,0.0,7.0,0,7.0,Aman,Aman,Aman,Aman,Aman,Aman,kandungan pembatas relatif rendah,0.2625,0,0,0,0,0,0,3.4,10.77,3.33,2.56,0.0,7.0,7.0,PT. Ultrajaya Milk Industry Tbk.
Piattos Sambal Terasi Flavor,PT. URC Indonesia,2 g,45.0,1.0,13.0,5.0,1.0,140.0,2.0,4.65,1.67,4.0,7.46,9.33,13.0,10.0,0.0,0.0,0.0,8.0,0.0,2.0,0,2.0,Aman,Aman,Batasi,Aman,Aman,Batasi,lemak jenuh %AKG sedang (13.00%),0.35,0,0,1,0,0,1,1.7,1.54,6.67,3.02,5.41,9.33,9.33,PT. URC Indonesia
Sarimi Gelas Rasa Kari Ayam,PT. Indofood CBP Sukses Makmur Tbk,2 g,70.0,8.0,16.0,8.0,1.0,1110.0,2.0,6.51,13.33,4.92,11.94,74.0,18.0,74.0,14.0,0.0,0.0,0.0,0.0,2.0,0,2.0,Aman,Batasi,Batasi,Waspada,Aman,Waspada,lemak total %AKG sedang (11.94%); lemak jenuh %AKG sedang (18.00%); natrium %AKG tinggi (74.00%),2.775,0,1,1,2,0,4,2.64,12.31,10.67,3.72,5.41,74.0,74.0,PT. Indofood CBP Sukses Makmur Tbk.
Taro net,PT. Tiga Pilar Sejahtera Food Tbk,2 g,80.0,2.0,15.0,2.0,0.0,0.0,0.0,3.72,3.33,4.62,2.99,0.0,0.0,0.0,4.0,5.0,4.0,0.0,0.0,2.0,0,2.0,Aman,Aman,Aman,Aman,Aman,Aman,kandungan pembatas relatif rendah,0.0,0,0,0,0,0,0,3.02,3.08,2.67,3.49,0.0,0.0,0.0,PT. Tiga Pilar Sejahtera Food Tbk.
Yoforia Berry smooth,PT. Prima Laktosa,4 g,130.0,4.0,24.0,2.0,20.0,0.0,0.0,6.05,6.67,7.38,2.99,0.0,0.0,0.0,7.0,8.0,7.0,0.0,0.0,4.0,0,4.0,Aman,Aman,Aman,Aman,Waspada,Waspada,gula tinggi (20.00 g),0.0,0,0,0,0,2,2,4.91,6.15,2.67,5.58,0.0,0.0,0.0,PT. Prima Laktosa
Nissin Butter Coconut Biscuits,PT. Serena Indopangan Industri,2 g,100.0,1.0,14.0,5.0,4.0,55.0,2.0,4.65,1.67,4.31,7.46,3.67,0.0,0.0,0.0,0.0,5.0,8.0,7.0,2.0,0,2.0,Aman,Aman,Aman,Aman,Aman,Aman,kandungan pembatas relatif rendah,0.1375,0,0,0,0,0,0,3.77,1.54,6.67,3.26,5.41,3.67,3.67,PT. Serena Indopangan Industri
Herslim,Tidak Diketahui,2 g,10.0,13.0,13.0,1.5,2.0,120.0,2.0,5.58,21.67,4.0,2.24,8.0,0.0,8.0,22.0,0.0,0.0,0.0,7.0,2.0,0,2.0,Aman,Aman,Aman,Aman,Aman,Aman,kandungan pembatas relatif rendah,0.3,0,0,0,0,0,0,0.38,20.0,2.0,3.02,5.41,8.0,8.0,Tidak Diketahui
Indomie rasa kaldu ayam,PT. Indofood CBP Sukses Makmur Tbk.,4 g,110.0,6.0,50.0,12.0,0.0,980.0,4.0,15.81,10.0,15.38,17.91,65.33,45.0,66.0,0.0,0.0,0.0,18.0,0.0,4.0,0,4.0,Batasi,Batasi,Waspada,Waspada,Aman,Waspada,energi %AKG sedang (15.81%); lemak total %AKG sedang (17.91%); lemak jenuh %AKG tinggi (45.00%); natrium %AKG tinggi (65.33%),2.45,1,1,2,2,0,6,4.15,9.23,16.0,11.63,10.81,65.33,65.33,PT. Indofood CBP Sukses Makmur Tbk.
wrp everyday susu bubuk rasa choco hazelnut,Tidak Diketahui,5 g,110.0,5.0,21.0,1.0,0.0,35.0,0.0,5.12,8.33,6.46,1.49,2.33,0.0,0.0,9.0,7.0,6.0,0.0,0.0,5.0,0,5.0,Aman,Aman,Aman,Aman,Aman,Aman,kandungan pembatas relatif rendah,0.0875,0,0,0,0,0,0,4.15,7.69,1.33,4.88,0.0,2.33,2.33,Tidak Diketahui
Ichi ocha,PT. Asahi Indofood Beverage Makmur,0 g,0.0,0.0,26.0,0.0,24.0,35.0,0.0,4.65,0.0,8.0,0.0,2.33,0.0,3.0,0.0,8.0,5.0,0.0,0.0,0.0,1,2.0,Aman,Aman,Aman,Aman,Waspada,Waspada,gula tinggi (24.00 g),0.0875,0,0,0,0,2,2,0.0,0.0,0.0,6.05,0.0,2.33,2.33,PT. Asahi Indofood Beverage Makmur
MR. P Honey Peanuts,PT. Mitrasatrya Perkasautama,7 g,150.0,7.0,5.0,12.0,3.0,0.0,0.0,6.98,11.67,1.54,17.91,0.0,0.0,0.0,12.0,0.0,7.0,18.0,0.0,7.0,0,7.0,Aman,Batasi,Aman,Aman,Aman,Batasi,lemak total %AKG sedang (17.91%),0.0,0,1,0,0,0,1,5.66,10.77,16.0,1.16,0.0,0.0,0.0,PT. Mitrasatrya Perkasautama
Golden Farm mixed vegetable,PT. Sukanda djaya,3 g,70.0,3.0,14.0,1.0,4.0,0.0,0.0,3.26,5.0,4.31,1.49,0.0,0.0,0.0,5.0,5.0,4.0,0.0,0.0,3.0,0,3.0,Aman,Aman,Aman,Aman,Aman,Aman,kandungan pembatas relatif rendah,0.0,0,0,0,0,0,0,2.64,4.62,1.33,3.26,0.0,0.0,0.0,PT. Sukanda djaya
Yogurt frozen pinkberry (Kecil),Tidak Diketahui,0 g,150.0,6.0,31.0,0.0,30.0,0.0,0.0,6.98,10.0,9.54,0.0,0.0,0.0,0.0,10.0,10.0,7.0,0.0,0.0,0.0,1,2.0,Aman,Aman,Aman,Aman,Waspada,Waspada,gula tinggi (30.00 g),0.0,0,0,0,0,2,2,5.66,9.23,0.0,7.21,0.0,0.0,0.0,Tidak Diketahui
Golden Farm corn kernel,PT. Sukanda djaya,3 g,70.0,3.0,14.0,1.0,3.0,0.0,0.0,3.26,5.0,4.31,1.49,0.0,0.0,0.0,5.0,5.0,4.0,0.0,0.0,3.0,0,3.0,Aman,Aman,Aman,Aman,Aman,Aman,kandungan pembatas relatif rendah,0.0,0,0,0,0,0,0,2.64,4.62,1.33,3.26,0.0,0.0,0.0,PT. Sukanda djaya
Nutrisari Florida orange,PT.Nutrifood indonesia,0 g,50.0,0.0,13.0,0.0,11.0,0.0,0.0,2.33,0.0,4.0,0.0,0.0,0.0,0.0,0.0,4.0,3.0,0.0,0.0,0.0,1,2.0,Aman,Aman,Aman,Aman,Batasi,Batasi,gula sedang (11.00 g),0.0,0,0,0,0,1,1,1.89,0.0,0.0,3.02,0.0,0.0,0.0,PT. Nutrifood indonesia
NutriBoost rasa kopi,PT. Coca Cola Amatil,3 g,30.0,3.0,19.0,3.0,14.0,100.0,0.0,5.58,5.0,5.85,4.48,6.67,13.0,7.0,0.0,6.0,0.0,0.0,0.0,3.0,0,3.0,Aman,Aman,Batasi,Aman,Batasi,Batasi,lemak jenuh %AKG sedang (13.00%); gula sedang (14.00 g),0.25,0,0,1,0,1,2,1.13,4.62,4.0,4.42,0.0,6.67,6.67,PT. Coca Cola Amatil
Ultra Sari Kacang Ijo,"PT. Ultrajaya Milk Industry, Tbk",2 g,90.0,2.0,22.0,0.0,0.0,0.0,0.0,4.19,3.33,6.77,0.0,0.0,0.0,0.0,4.0,7.0,5.0,0.0,0.0,2.0,0,2.0,Aman,Aman,Aman,Aman,Aman,Aman,kandungan pembatas relatif rendah,0.0,0,0,0,0,0,0,3.4,3.08,0.0,5.12,0.0,0.0,0.0,PT. Ultrajaya Milk Industry Tbk.
Roma Malkist,PT. Mayora Indah Tbk.,2 g,120.0,2.0,19.0,4.5,3.0,0.0,0.0,5.58,3.33,5.85,6.72,0.0,0.0,0.0,0.0,6.0,6.0,7.0,0.0,2.0,0,2.0,Aman,Aman,Aman,Aman,Aman,Aman,kandungan pembatas relatif rendah,0.0,0,0,0,0,0,0,4.53,3.08,6.0,4.42,0.0,0.0,0.0,PT. Mayora Indah Tbk.
Sonice Bakso kuah sapi,PT. So Good Food Manufacturing,8 g,160.0,8.0,20.0,5.0,0.0,0.0,0.0,7.44,13.33,6.15,7.46,0.0,0.0,0.0,14.0,0.0,8.0,8.0,0.0,8.0,0,8.0,Aman,Aman,Aman,Aman,Aman,Aman,kandungan pembatas relatif rendah,0.0,0,0,0,0,0,0,6.04,12.31,6.67,4.65,0.0,0.0,0.0,PT. So Good Food Manufacturing
Monde Boromon cookies original flavor,PT. Monde Mahkota Biskuit,0 g,80.0,0.0,18.0,0.0,0.0,10.0,0.0,3.72,0.0,5.54,0.0,0.67,0.0,1.0,0.0,6.0,4.0,0.0,0.0,0.0,1,2.0,Aman,Aman,Aman,Aman,Aman,Aman,kandungan pembatas relatif rendah,0.025,0,0,0,0,0,0,3.02,0.0,0.0,4.19,0.0,0.67,0.67,PT. Monde Mahkota Biskuit
Keju Lemnos Grated Parmesan,Tidak Diketahui,0 g,38.0,3.3,1.0,5.6,1.0,0.0,0.0,1.77,5.5,0.31,8.36,0.0,0.0,0.0,6.0,0.0,2.0,9.0,0.0,0.0,1,2.0,Aman,Aman,Aman,Aman,Aman,Aman,kandungan pembatas relatif rendah,0.0,0,0,0,0,0,0,1.43,5.08,7.47,0.23,0.0,0.0,0.0,Tidak Diketahui
Good Day Mocacinno,PT. Santos jaya abadi,1 g,20.0,1.0,16.0,2.0,13.0,10.0,1.0,4.19,1.67,4.92,2.99,0.67,10.0,0.0,0.0,5.0,5.0,0.0,0.0,1.0,0,1.0,Aman,Aman,Batasi,Aman,Batasi,Batasi,lemak jenuh %AKG sedang (10.00%); gula sedang (13.00 g),0.025,0,0,1,0,1,2,0.75,1.54,2.67,3.72,2.7,0.67,0.67,PT. Santos jaya abadi
kacang garuda roste kacang panggang,PT. GARUDAFOOD PUTRI JAYA,5 g,130.0,5.0,16.0,5.0,0.0,115.0,0.0,6.05,8.33,4.92,7.46,7.67,0.0,8.0,9.0,0.0,0.0,8.0,0.0,5.0,0,5.0,Aman,Aman,Aman,Aman,Aman,Aman,kandungan pembatas relatif rendah,0.2875,0,0,0,0,0,0,4.91,7.69,6.67,3.72,0.0,7.67,7.67,PT. GARUDAFOOD PUTRI JAYA
Coklat Toblerone,PT. Nirwana Lestari,1 g,130.0,1.0,15.0,7.0,15.0,0.0,0.0,6.05,1.67,4.62,10.45,0.0,0.0,0.0,0.0,5.0,7.0,11.0,0.0,1.0,0,1.0,Aman,Batasi,Aman,Aman,Batasi,Batasi,lemak total %AKG sedang (10.45%); gula sedang (15.00 g),0.0,0,1,0,0,1,2,4.91,1.54,9.33,3.49,0.0,0.0,0.0,PT. Nirwana Lestari
Es Krim Walls Cappuccino,Tidak Diketahui,1 g,70.0,1.0,19.0,8.0,10.0,15.0,1.0,6.98,1.67,5.85,11.94,1.0,30.0,0.0,0.0,0.0,7.0,12.0,0.0,1.0,0,1.0,Aman,Batasi,Waspada,Aman,Batasi,Waspada,lemak total %AKG sedang (11.94%); lemak jenuh %AKG tinggi (30.00%); gula sedang (10.00 g),0.0375,0,1,2,0,1,4,2.64,1.54,10.67,4.42,2.7,1.0,1.0,Tidak Diketahui
Eskrim cornetto oreo,PT. Andrawina Darma Manunggal Mulya,2 g,240.0,2.0,33.0,11.0,20.0,0.0,2.0,11.16,3.33,10.15,16.42,0.0,0.0,0.0,0.0,11.0,12.0,17.0,0.0,2.0,0,2.0,Batasi,Batasi,Aman,Aman,Waspada,Waspada,energi %AKG sedang (11.16%); lemak total %AKG sedang (16.42%); gula tinggi (20.00 g),0.0,1,1,0,0,2,4,9.06,3.08,14.67,7.67,5.41,0.0,0.0,PT. Andrawina Darma Manunggal Mulya
Keripik Qtela ubi ungu,PT. Indofood CBP Sukses Makmur Tbk.,0 g,100.0,0.0,14.0,5.0,3.0,0.0,0.0,4.65,0.0,4.31,7.46,0.0,0.0,0.0,0.0,5.0,5.0,8.0,0.0,0.0,1,2.0,Aman,Aman,Aman,Aman,Aman,Aman,kandungan pembatas relatif rendah,0.0,0,0,0,0,0,0,3.77,0.0,6.67,3.26,0.0,0.0,0.0,PT. Indofood CBP Sukses Makmur Tbk.
Susu Bear brand gold teh putih,PT. Nestle Indonesia,4 g,70.0,4.0,10.0,2.0,0.0,0.0,0.0,3.26,6.67,3.08,2.99,0.0,0.0,0.0,7.0,4.0,4.0,0.0,0.0,4.0,0,4.0,Aman,Aman,Aman,Aman,Aman,Aman,kandungan pembatas relatif rendah,0.0,0,0,0,0,0,0,2.64,6.15,2.67,2.33,0.0,0.0,0.0,PT. Nestle Indonesia
Es teh tawar,Tidak Diketahui,0.02 g,2.0,0.02,0.67,0.0,0.0,0.0,0.0,0.09,0.03,0.21,0.0,0.0,0.0,0.0,1.0,1.0,1.0,0.0,0.0,0.02,0,0.02,Aman,Aman,Aman,Aman,Aman,Aman,kandungan pembatas relatif rendah,0.0,0,0,0,0,0,0,0.08,0.03,0.0,0.16,0.0,0.0,0.0,Tidak Diketahui
susu tango kido rasa banana pudding,Tidak Diketahui,10 g,90.0,10.0,15.0,2.5,0.0,140.0,0.0,4.19,16.67,4.62,3.73,9.33,0.0,10.0,17.0,5.0,0.0,0.0,0.0,10.0,0,10.0,Aman,Aman,Aman,Aman,Aman,Aman,kandungan pembatas relatif rendah,0.35,0,0,0,0,0,0,3.4,15.38,3.33,3.49,0.0,9.33,9.33,Tidak Diketahui
Biskuit WRP Everyday chocolate chip,PT.Nutrifood indonesia,2 g,100.0,1.0,11.0,5.0,0.0,0.0,2.0,4.65,1.67,3.38,7.46,0.0,0.0,0.0,0.0,0.0,5.0,8.0,7.0,2.0,0,2.0,Aman,Aman,Aman,Aman,Aman,Aman,kandungan pembatas relatif rendah,0.0,0,0,0,0,0,0,3.77,1.54,6.67,2.56,5.41,0.0,0.0,PT. Nutrifood indonesia
biskuit Lotte choco pie,PT. Lotte Indonesia,1 g,120.0,1.0,19.0,4.5,10.0,0.0,0.0,5.58,1.67,5.85,6.72,0.0,0.0,0.0,0.0,6.0,6.0,7.0,0.0,1.0,0,1.0,Aman,Aman,Aman,Aman,Batasi,Batasi,gula sedang (10.00 g),0.0,0,0,0,0,1,1,4.53,1.54,6.0,4.42,0.0,0.0,0.0,PT. Lotte Indonesia
Puffies Soes Crunchy Cheese,Tidak Diketahui,1 g,30.0,2.0,6.0,6.0,0.0,120.0,1.0,4.19,3.33,1.85,8.96,8.0,25.0,8.0,0.0,0.0,0.0,9.0,0.0,1.0,0,1.0,Aman,Aman,Waspada,Aman,Aman,Waspada,lemak jenuh %AKG tinggi (25.00%),0.3,0,0,2,0,0,2,1.13,3.08,8.0,1.4,2.7,8.0,8.0,Tidak Diketahui
Pocky double choco,PT. Glico Indonesia,4 g,240.0,4.0,29.0,12.0,9.0,0.0,0.0,11.16,6.67,8.92,17.91,0.0,0.0,0.0,0.0,9.0,12.0,18.0,0.0,4.0,0,4.0,Batasi,Batasi,Aman,Aman,Aman,Batasi,energi %AKG sedang (11.16%); lemak total %AKG sedang (17.91%),0.0,1,1,0,0,0,2,9.06,6.15,16.0,6.74,0.0,0.0,0.0,PT. Glico Indonesia
Mie sedap instan kari spesial,Tidak Diketahui,3 g,130.0,8.0,47.0,14.0,3.0,1060.0,3.0,16.28,13.33,14.46,20.9,70.67,0.0,71.0,0.0,0.0,0.0,0.0,0.0,3.0,0,3.0,Batasi,Waspada,Aman,Waspada,Aman,Waspada,energi %AKG sedang (16.28%); lemak total %AKG tinggi (20.90%); natrium %AKG tinggi (70.67%),2.65,1,2,0,2,0,5,4.91,12.31,18.67,10.93,8.11,70.67,70.67,Tidak Diketahui
Jasjus Rasa Lemon,PT. Karunia Alam Segar,0 g,25.0,0.0,6.0,0.0,5.0,15.0,0.0,1.16,0.0,1.85,0.0,1.0,0.0,1.0,0.0,2.0,2.0,0.0,0.0,0.0,1,2.0,Aman,Aman,Aman,Aman,Aman,Aman,kandungan pembatas relatif rendah,0.0375,0,0,0,0,0,0,0.94,0.0,0.0,1.4,0.0,1.0,1.0,PT. Karunia Alam Segar
Silverqueen Crispy with Milk Chocolate,PT. Perusahaan Industri Ceres,4 g,170.0,4.0,15.0,10.0,11.0,35.0,0.0,7.91,6.67,4.62,14.93,2.33,0.0,0.0,7.0,0.0,8.0,15.0,0.0,4.0,0,4.0,Aman,Batasi,Aman,Aman,Batasi,Batasi,lemak total %AKG sedang (14.93%); gula sedang (11.00 g),0.0875,0,1,0,0,1,2,6.42,6.15,13.33,3.49,0.0,2.33,2.33,PT. Perusahaan Industri Ceres
Susu Ultra Milk Rasa Stroberi,"PT. Ultrajaya Milk Industry, Tbk",6 g,30.0,6.0,22.0,3.5,17.0,50.0,0.0,6.51,10.0,6.77,5.22,3.33,13.0,0.0,10.0,0.0,0.0,0.0,0.0,6.0,0,6.0,Aman,Aman,Batasi,Aman,Batasi,Batasi,lemak jenuh %AKG sedang (13.00%); gula sedang (17.00 g),0.125,0,0,1,0,1,2,1.13,9.23,4.67,5.12,0.0,3.33,3.33,PT. Ultrajaya Milk Industry Tbk.
Agar-agar double swallow sun,Tidak Diketahui,6 g,25.0,0.0,6.0,0.0,0.0,10.0,6.0,1.16,0.0,1.85,0.0,0.67,0.0,1.0,0.0,2.0,2.0,0.0,0.0,6.0,0,6.0,Aman,Aman,Aman,Aman,Aman,Aman,kandungan pembatas relatif rendah,0.025,0,0,0,0,0,0,0.94,0.0,0.0,1.4,16.22,0.67,0.67,Tidak Diketahui
Cocoa powder Van Houten,PT. Ceres Bandung,6 g,120.0,6.0,15.0,4.0,0.0,0.0,0.0,5.58,10.0,4.62,5.97,0.0,0.0,0.0,10.0,0.0,6.0,6.0,0.0,6.0,0,6.0,Aman,Aman,Aman,Aman,Aman,Aman,kandungan pembatas relatif rendah,0.0,0,0,0,0,0,0,4.53,9.23,5.33,3.49,0.0,0.0,0.0,PT. Ceres Bandung
Nissin Longer Stick Biscuits,Tidak Diketahui,2 g,50.0,2.0,21.0,6.0,5.0,85.0,0.0,6.98,3.33,6.46,8.96,5.67,20.0,0.0,0.0,0.0,7.0,9.0,0.0,2.0,0,2.0,Aman,Aman,Waspada,Aman,Aman,Waspada,lemak jenuh %AKG tinggi (20.00%),0.2125,0,0,2,0,0,2,1.89,3.08,8.0,4.88,0.0,5.67,5.67,Tidak Diketahui
Chicki Taro Net rasa BBQ,PT. Putra Taro Paloma,1 g,90.0,1.0,15.0,2.5,0.0,200.0,0.0,4.19,1.67,4.62,3.73,13.33,0.0,14.0,0.0,5.0,5.0,0.0,0.0,1.0,0,1.0,Aman,Aman,Aman,Batasi,Aman,Batasi,natrium %AKG sedang (13.33%),0.5,0,0,0,1,0,1,3.4,1.54,3.33,3.49,0.0,13.33,13.33,PT. Putra Taro Paloma
Chocodrink,PT. Karunia Alam Segar,2 g,20.0,2.0,23.0,2.5,18.0,100.0,0.0,5.58,3.33,7.08,3.73,6.67,0.0,7.0,0.0,8.0,6.0,0.0,0.0,2.0,0,2.0,Aman,Aman,Aman,Aman,Batasi,Batasi,gula sedang (18.00 g),0.25,0,0,0,0,1,1,0.75,3.08,3.33,5.35,0.0,6.67,6.67,PT. Karunia Alam Segar
Sariroti roti tawar double soft,PT. Nippon Indosari corporindo Tbk,3 g,140.0,4.0,23.0,3.0,1.0,105.0,3.0,6.51,6.67,7.08,4.48,7.0,0.0,7.0,0.0,8.0,0.0,0.0,10.0,3.0,0,3.0,Aman,Aman,Aman,Aman,Aman,Aman,kandungan pembatas relatif rendah,0.2625,0,0,0,0,0,0,5.28,6.15,4.0,5.35,8.11,7.0,7.0,PT. Nippon Indosari corporindo Tbk.
Indomie Hype Abis Seblak Hot Jeletot,Tidak Diketahui,7 g,360.0,7.0,44.0,17.0,0.0,1190.0,0.0,16.74,11.67,13.54,25.37,79.33,0.0,80.0,0.0,0.0,17.0,26.0,0.0,7.0,0,7.0,Batasi,Waspada,Aman,Waspada,Aman,Waspada,energi %AKG sedang (16.74%); lemak total %AKG tinggi (25.37%); natrium %AKG tinggi (79.33%),2.975,1,2,0,2,0,5,13.58,10.77,22.67,10.23,0.0,79.33,79.33,Tidak Diketahui
Monde Boromon Cookies milk flavour,PT. Monde Mahkota Biskuit,0 g,0.0,0.0,18.0,0.0,5.0,10.0,0.0,3.72,0.0,5.54,0.0,0.67,0.0,0.0,0.0,6.0,0.0,0.0,0.0,0.0,1,2.0,Aman,Aman,Aman,Aman,Aman,Aman,kandungan pembatas relatif rendah,0.025,0,0,0,0,0,0,0.0,0.0,0.0,4.19,0.0,0.67,0.67,PT. Monde Mahkota Biskuit
Frisian flag belgian chocolate low fat,PT. Frisian Flag Indonesia,7 g,150.0,7.0,25.0,2.5,19.0,100.0,0.0,6.98,11.67,7.69,3.73,6.67,0.0,0.0,12.0,8.0,7.0,0.0,0.0,7.0,0,7.0,Aman,Aman,Aman,Aman,Batasi,Batasi,gula sedang (19.00 g),0.25,0,0,0,0,1,1,5.66,10.77,3.33,5.81,0.0,6.67,6.67,PT. Frisian Flag Indonesia
Eskrim Magnum classic,PT. Andrawina Darma Manunggal Mulya,4 g,240.0,3.0,30.0,13.0,18.0,0.0,4.0,11.16,5.0,9.23,19.4,0.0,0.0,0.0,0.0,0.0,12.0,20.0,14.0,4.0,0,4.0,Batasi,Batasi,Aman,Aman,Batasi,Batasi,energi %AKG sedang (11.16%); lemak total %AKG sedang (19.40%); gula sedang (18.00 g),0.0,1,1,0,0,1,3,9.06,4.62,17.33,6.98,10.81,0.0,0.0,PT. Andrawina Darma Manunggal Mulya
Golden Farm french fries,PT. Sukanda djaya,3 g,170.0,3.0,29.0,4.5,0.0,0.0,0.0,7.91,5.0,8.92,6.72,0.0,0.0,0.0,0.0,9.0,8.0,7.0,0.0,3.0,0,3.0,Aman,Aman,Aman,Aman,Aman,Aman,kandungan pembatas relatif rendah,0.0,0,0,0,0,0,0,6.42,4.62,6.0,6.74,0.0,0.0,0.0,PT. Sukanda djaya
Yogurt frozen pinkberry (Medium),Tidak Diketahui,0 g,240.0,9.0,50.0,0.0,47.0,0.0,0.0,11.16,15.0,15.38,0.0,0.0,0.0,0.0,15.0,16.0,12.0,0.0,0.0,0.0,1,2.0,Batasi,Aman,Aman,Aman,Waspada,Waspada,energi %AKG sedang (11.16%); gula tinggi (47.00 g),0.0,1,0,0,0,2,3,9.06,13.85,0.0,11.63,0.0,0.0,0.0,Tidak Diketahui
PRONAS Classic chunky corned beef (340 g),PT. CANNING INDONESIAN PRODUCTS,2 g,70.0,8.0,2.0,3.5,0.0,410.0,2.0,3.26,13.33,0.62,5.22,27.33,8.0,28.0,14.0,0.0,0.0,0.0,0.0,2.0,0,2.0,Aman,Aman,Aman,Waspada,Aman,Waspada,natrium %AKG tinggi (27.33%),1.025,0,0,0,2,0,2,2.64,12.31,4.67,0.47,5.41,27.33,27.33,PT. CANNING INDONESIAN PRODUCTS
Indomie rasa soto lamongan,PT. Indofood CBP Sukses Makmur Tbk.,6 g,130.0,10.0,48.0,14.0,4.0,1030.0,6.0,16.74,16.67,14.77,20.9,68.67,35.0,69.0,0.0,0.0,0.0,21.0,0.0,6.0,0,6.0,Batasi,Waspada,Waspada,Waspada,Aman,Waspada,energi %AKG sedang (16.74%); lemak total %AKG tinggi (20.90%); lemak jenuh %AKG tinggi (35.00%); natrium %AKG tinggi (68.67%),2.575,1,2,2,2,0,7,4.91,15.38,18.67,11.16,16.22,68.67,68.67,PT. Indofood CBP Sukses Makmur Tbk.
Elle vire yogurt,PT. Sukanda djaya,0.40 g,90.0,2.3,13.0,3.1,11.0,0.0,0.4,4.19,3.83,4.0,4.63,0.0,0.0,0.0,0.0,4.0,5.0,5.0,0.0,0.4,0,0.4,Aman,Aman,Aman,Aman,Batasi,Batasi,gula sedang (11.00 g),0.0,0,0,0,0,1,1,3.4,3.54,4.13,3.02,1.08,0.0,0.0,PT. Sukanda djaya
pop mie rasa soto ayam dengan nasi,PT. Indofood CBP Sukses Makmur Tbk.,3 g,250.0,7.0,48.0,15.0,5.0,1320.0,3.0,11.63,11.67,14.77,22.39,88.0,0.0,88.0,0.0,15.0,0.0,23.0,0.0,3.0,0,3.0,Batasi,Waspada,Aman,Waspada,Aman,Waspada,energi %AKG sedang (11.63%); lemak total %AKG tinggi (22.39%); natrium %AKG tinggi (88.00%),3.3,1,2,0,2,0,5,9.43,10.77,20.0,11.16,8.11,88.0,88.0,PT. Indofood CBP Sukses Makmur Tbk.
Agar-agar swallow globe brand,Tidak Diketahui,8 g,20.0,0.0,8.0,0.0,0.0,0.0,8.0,0.93,0.0,2.46,0.0,0.0,0.0,0.0,0.0,3.0,1.0,0.0,0.0,8.0,0,8.0,Aman,Aman,Aman,Aman,Aman,Aman,kandungan pembatas relatif rendah,0.0,0,0,0,0,0,0,0.75,0.0,0.0,1.86,21.62,0.0,0.0,Tidak Diketahui
Permen Xylitol fresh mint,Tidak Diketahui,0 g,10.0,0.0,3.0,0.0,0.0,0.0,0.0,0.47,0.0,0.92,0.0,0.0,0.0,0.0,0.0,1.0,1.0,0.0,0.0,0.0,1,2.0,Aman,Aman,Aman,Aman,Aman,Aman,kandungan pembatas relatif rendah,0.0,0,0,0,0,0,0,0.38,0.0,0.0,0.7,0.0,0.0,0.0,Tidak Diketahui
Indofood Kecap Manis (135 ml),Tidak Diketahui,0 g,45.0,0.0,11.0,0.0,9.0,240.0,0.0,2.09,0.0,3.38,0.0,16.0,0.0,16.0,0.0,4.0,3.0,0.0,0.0,0.0,1,2.0,Aman,Aman,Aman,Batasi,Aman,Batasi,natrium %AKG sedang (16.00%),0.6,0,0,0,1,0,1,1.7,0.0,0.0,2.56,0.0,16.0,16.0,Tidak Diketahui
Golden Farm frozen pea,PT. Sukanda djaya,7 g,90.0,7.0,12.0,1.0,3.0,0.0,0.0,4.19,11.67,3.69,1.49,0.0,0.0,0.0,12.0,4.0,5.0,0.0,0.0,7.0,0,7.0,Aman,Aman,Aman,Aman,Aman,Aman,kandungan pembatas relatif rendah,0.0,0,0,0,0,0,0,3.4,10.77,1.33,2.79,0.0,0.0,0.0,PT. Sukanda djaya
White Anchovy Powder,Tidak Diketahui,3 g,15.0,3.0,0.0,0.0,0.0,70.0,0.0,0.7,5.0,0.0,0.0,4.67,0.0,5.0,5.0,0.0,0.0,0.0,0.0,3.0,0,3.0,Aman,Aman,Aman,Aman,Aman,Aman,kandungan pembatas relatif rendah,0.175,0,0,0,0,0,0,0.57,4.62,0.0,0.0,0.0,4.67,4.67,Tidak Diketahui
Mie Sedaap Instant Rasa Soto 75 g,PT. Karunia Alam Segar,2 g,340.0,8.0,46.0,13.0,3.0,1030.0,2.0,15.81,13.33,14.15,19.4,68.67,30.0,69.0,0.0,0.0,0.0,20.0,0.0,2.0,0,2.0,Batasi,Batasi,Waspada,Waspada,Aman,Waspada,energi %AKG sedang (15.81%); lemak total %AKG sedang (19.40%); lemak jenuh %AKG tinggi (30.00%); natrium %AKG tinggi (68.67%),2.575,1,1,2,2,0,6,12.83,12.31,17.33,10.7,5.41,68.67,68.67,PT. Karunia Alam Segar
Entrasol Quick Start Chia Seeds,PT.Sanghiang perkasa,1 g,130.0,2.0,22.0,3.5,12.0,105.0,1.0,6.05,3.33,6.77,5.22,7.0,10.0,7.0,0.0,7.0,0.0,0.0,0.0,1.0,0,1.0,Aman,Aman,Batasi,Aman,Batasi,Batasi,lemak jenuh %AKG sedang (10.00%); gula sedang (12.00 g),0.2625,0,0,1,0,1,2,4.91,3.08,4.67,5.12,2.7,7.0,7.0,PT. Sanghiang perkasa
Susu bubuk dancow fullcream,PT. Nestle Indonesia,0 g,120.0,5.0,13.0,6.0,0.0,90.0,0.0,5.58,8.33,4.0,8.96,6.0,18.0,0.0,9.0,0.0,0.0,9.0,0.0,0.0,1,2.0,Aman,Aman,Batasi,Aman,Aman,Batasi,lemak jenuh %AKG sedang (18.00%),0.225,0,0,1,0,0,1,4.53,7.69,8.0,3.02,0.0,6.0,6.0,PT. Nestle Indonesia
Roma sari gandum,PT. Mayora Indah Tbk.,2 g,100.0,2.0,13.0,4.0,3.0,0.0,0.0,4.65,3.33,4.0,5.97,0.0,0.0,0.0,0.0,4.0,5.0,6.0,0.0,2.0,0,2.0,Aman,Aman,Aman,Aman,Aman,Aman,kandungan pembatas relatif rendah,0.0,0,0,0,0,0,0,3.77,3.08,5.33,3.02,0.0,0.0,0.0,PT. Mayora Indah Tbk.
Sariroti Sandwich kacang,PT. Nippon Indosari corporindo Tbk,2 g,140.0,5.0,18.0,6.0,2.0,135.0,2.0,6.51,8.33,5.54,8.96,9.0,0.0,9.0,9.0,0.0,0.0,9.0,0.0,2.0,0,2.0,Aman,Aman,Aman,Aman,Aman,Aman,kandungan pembatas relatif rendah,0.3375,0,0,0,0,0,0,5.28,7.69,8.0,4.19,5.41,9.0,9.0,PT. Nippon Indosari corporindo Tbk.
Khong guan malkist sayur,Tidak Diketahui,2 g,100.0,2.0,14.0,4.0,0.0,120.0,0.0,4.65,3.33,4.31,5.97,8.0,0.0,8.0,0.0,0.0,5.0,6.0,0.0,2.0,0,2.0,Aman,Aman,Aman,Aman,Aman,Aman,kandungan pembatas relatif rendah,0.3,0,0,0,0,0,0,3.77,3.08,5.33,3.26,0.0,8.0,8.0,Tidak Diketahui
"Steamed Dumpling, Chiu Chow Style",Tidak Diketahui,1.90 g,92.0,1.9,13.0,3.5,0.0,220.0,0.0,4.28,3.17,4.0,5.22,14.67,0.0,15.0,0.0,0.0,5.0,6.0,0.0,1.9,0,1.9,Aman,Aman,Aman,Batasi,Aman,Batasi,natrium %AKG sedang (14.67%),0.55,0,0,0,1,0,1,3.47,2.92,4.67,3.02,0.0,14.67,14.67,Tidak Diketahui
Cimory yogurt set,PT. Cisaura mountain dairy,3 g,100.0,3.0,16.0,2.5,11.0,0.0,0.0,4.65,5.0,4.92,3.73,0.0,0.0,0.0,5.0,5.0,5.0,0.0,0.0,3.0,0,3.0,Aman,Aman,Aman,Aman,Batasi,Batasi,gula sedang (11.00 g),0.0,0,0,0,0,1,1,3.77,4.62,3.33,3.72,0.0,0.0,0.0,PT. Cisaura mountain dairy
Royco kaldu ayam,PT. Unilever Indonesia,0 g,0.0,0.0,0.0,0.0,0.0,0.0,0.0,0.0,0.0,0.0,0.0,0.0,0.0,0.0,0.0,0.0,0.0,0.0,0.0,0.0,1,2.0,Aman,Aman,Aman,Aman,Aman,Aman,kandungan pembatas relatif rendah,0.0,0,0,0,0,0,0,0.0,0.0,0.0,0.0,0.0,0.0,0.0,PT. Unilever Indonesia
SUP KRIM AYAM ROYCO,Tidak Diketahui,2 g,50.0,2.0,0.0,1.0,0.0,710.0,0.0,2.33,3.33,0.0,1.49,47.33,0.0,48.0,4.0,0.0,3.0,0.0,0.0,2.0,0,2.0,Aman,Aman,Aman,Waspada,Aman,Waspada,natrium %AKG tinggi (47.33%),1.775,0,0,0,2,0,2,1.89,3.08,1.33,0.0,0.0,47.33,47.33,Tidak Diketahui
Sarimi Kaldu Ayam,Tidak Diketahui,2 g,320.0,4.0,45.0,12.0,11.0,670.0,2.0,14.88,6.67,13.85,17.91,44.67,30.0,45.0,0.0,0.0,0.0,18.0,0.0,2.0,0,2.0,Batasi,Batasi,Waspada,Waspada,Batasi,Waspada,energi %AKG sedang (14.88%); lemak total %AKG sedang (17.91%); lemak jenuh %AKG tinggi (30.00%); natrium %AKG tinggi (44.67%); gula sedang (11.00 g),1.675,1,1,2,2,1,7,12.08,6.15,16.0,10.47,5.41,44.67,44.67,Tidak Diketahui
Sariroti Roti tawar,PT. Nippon Indosari corporindo Tbk,1 g,200.0,7.0,37.0,3.0,2.0,280.0,1.0,9.3,11.67,11.38,4.48,18.67,0.0,19.0,12.0,12.0,0.0,0.0,0.0,1.0,0,1.0,Aman,Aman,Aman,Batasi,Aman,Batasi,natrium %AKG sedang (18.67%),0.7,0,0,0,1,0,1,7.55,10.77,4.0,8.6,2.7,18.67,18.67,PT. Nippon Indosari corporindo Tbk.
Coklat silverqueen chunky almond bar,PT. Petra food indonesia,3 g,170.0,3.0,15.0,11.0,12.0,0.0,0.0,7.91,5.0,4.62,16.42,0.0,0.0,0.0,5.0,0.0,8.0,17.0,0.0,3.0,0,3.0,Aman,Batasi,Aman,Aman,Batasi,Batasi,lemak total %AKG sedang (16.42%); gula sedang (12.00 g),0.0,0,1,0,0,1,2,6.42,4.62,14.67,3.49,0.0,0.0,0.0,PT. Petra food indonesia
RITZ Creackers Original (isis 3 pack),PT. Mondelez International,2 g,140.0,2.0,20.0,6.0,0.0,115.0,0.0,6.51,3.33,6.15,8.96,7.67,18.0,8.0,0.0,0.0,0.0,9.0,0.0,2.0,0,2.0,Aman,Aman,Batasi,Aman,Aman,Batasi,lemak jenuh %AKG sedang (18.00%),0.2875,0,0,1,0,0,1,5.28,3.08,8.0,4.65,0.0,7.67,7.67,PT. Mondelez International
Ichitan Thai Milk Tea,Tidak Diketahui,6 g,45.0,2.0,24.0,5.0,17.0,130.0,6.0,6.98,3.33,7.38,7.46,8.67,225.0,9.0,0.0,0.0,0.0,0.0,20.0,6.0,0,6.0,Aman,Aman,Waspada,Aman,Batasi,Waspada,lemak jenuh %AKG tinggi (225.00%); gula sedang (17.00 g),0.325,0,0,2,0,1,3,1.7,3.08,6.67,5.58,16.22,8.67,8.67,Tidak Diketahui
Indomie mi goreng,PT. Indofood CBP Sukses Makmur Tbk.,2 g,130.0,8.0,54.0,14.0,8.0,1070.0,2.0,13.95,13.33,16.62,20.9,71.33,35.0,72.0,0.0,0.0,0.0,21.0,0.0,2.0,0,2.0,Batasi,Waspada,Waspada,Waspada,Aman,Waspada,energi %AKG sedang (13.95%); lemak total %AKG tinggi (20.90%); lemak jenuh %AKG tinggi (35.00%); natrium %AKG tinggi (71.33%),2.675,1,2,2,2,0,7,4.91,12.31,18.67,12.56,5.41,71.33,71.33,PT. Indofood CBP Sukses Makmur Tbk.
Pop Ice Moccacino,PT. Forisa Nusapersada,1 g,15.0,1.0,22.0,1.5,15.0,30.0,0.0,5.12,1.67,6.77,2.24,2.0,8.0,0.0,0.0,7.0,6.0,0.0,0.0,1.0,0,1.0,Aman,Aman,Aman,Aman,Batasi,Batasi,gula sedang (15.00 g),0.075,0,0,0,0,1,1,0.57,1.54,2.0,5.12,0.0,2.0,2.0,PT. Forisa Nusapersada
Cokelat pasta,PT. Diamond Cold Storage,2 g,130.0,2.0,32.0,14.0,21.0,30.0,0.0,12.09,3.33,9.85,20.9,2.0,40.0,0.0,0.0,0.0,13.0,21.0,0.0,2.0,0,2.0,Batasi,Waspada,Waspada,Aman,Waspada,Waspada,energi %AKG sedang (12.09%); lemak total %AKG tinggi (20.90%); lemak jenuh %AKG tinggi (40.00%); gula tinggi (21.00 g),0.075,1,2,2,0,2,7,4.91,3.08,18.67,7.44,0.0,2.0,2.0,PT. Diamond Cold Storage
Frisian flag cokelat (kental manis),PT. Frisian Flag Indonesia,1 g,135.0,1.0,23.0,4.5,19.0,0.0,0.0,6.28,1.67,7.08,6.72,0.0,0.0,0.0,0.0,8.0,7.0,7.0,0.0,1.0,0,1.0,Aman,Aman,Aman,Aman,Batasi,Batasi,gula sedang (19.00 g),0.0,0,0,0,0,1,1,5.09,1.54,6.0,5.35,0.0,0.0,0.0,PT. Frisian Flag Indonesia
Pop Ice Mangga,PT. Forisa Nusapersada,1 g,15.0,1.0,22.0,1.5,15.0,15.0,0.0,5.12,1.67,6.77,2.24,1.0,0.0,0.0,0.0,7.0,6.0,3.0,0.0,1.0,0,1.0,Aman,Aman,Aman,Aman,Batasi,Batasi,gula sedang (15.00 g),0.0375,0,0,0,0,1,1,0.57,1.54,2.0,5.12,0.0,1.0,1.0,PT. Forisa Nusapersada
Ovomaltine,Tidak Diketahui,0.80 g,109.0,0.8,11.9,6.4,10.9,50.0,0.0,5.07,1.33,3.66,9.55,3.33,0.0,0.0,0.0,4.0,6.0,10.0,0.0,0.8,0,0.8,Aman,Aman,Aman,Aman,Batasi,Batasi,gula sedang (10.90 g),0.125,0,0,0,0,1,1,4.11,1.23,8.53,2.77,0.0,3.33,3.33,Tidak Diketahui
Keju greenfileds mozzarella,PT. Greenfield Indonesia,7 g,90.0,7.0,2.0,6.0,0.0,0.0,0.0,4.19,11.67,0.62,8.96,0.0,0.0,0.0,12.0,0.0,5.0,9.0,0.0,7.0,0,7.0,Aman,Aman,Aman,Aman,Aman,Aman,kandungan pembatas relatif rendah,0.0,0,0,0,0,0,0,3.4,10.77,8.0,0.47,0.0,0.0,0.0,PT. Greenfield Indonesia
Kratingdaeng Pro,Tidak Diketahui,0 g,120.0,0.0,27.0,0.0,27.0,0.0,0.0,5.58,0.0,8.31,0.0,0.0,0.0,0.0,0.0,9.0,6.0,0.0,0.0,0.0,1,2.0,Aman,Aman,Aman,Aman,Waspada,Waspada,gula tinggi (27.00 g),0.0,0,0,0,0,2,2,4.53,0.0,0.0,6.28,0.0,0.0,0.0,Tidak Diketahui
Roma : Biskuit Kelapa,PT. Mayora Indah Tbk.,2 g,130.0,2.0,19.0,5.0,6.0,90.0,0.0,6.05,3.33,5.85,7.46,6.0,10.0,0.0,0.0,0.0,7.0,8.0,0.0,2.0,0,2.0,Aman,Aman,Batasi,Aman,Aman,Batasi,lemak jenuh %AKG sedang (10.00%),0.225,0,0,1,0,0,1,4.91,3.08,6.67,4.42,0.0,6.0,6.0,PT. Mayora Indah Tbk.
Superco,PT. Khong Guan Biscuit Factory Indonesia LTD,1 g,80.0,1.0,13.0,3.0,4.0,80.0,0.0,3.72,1.67,4.0,4.48,5.33,8.0,6.0,0.0,0.0,0.0,5.0,0.0,1.0,0,1.0,Aman,Aman,Aman,Aman,Aman,Aman,kandungan pembatas relatif rendah,0.2,0,0,0,0,0,0,3.02,1.54,4.0,3.02,0.0,5.33,5.33,PT. Khong Guan Biscuit Factory Indonesia LTD
Saus Sesame,Tidak Diketahui,1 g,100.0,1.0,4.0,9.0,0.0,260.0,0.0,4.65,1.67,1.23,13.43,17.33,8.0,18.0,0.0,0.0,0.0,14.0,0.0,1.0,0,1.0,Aman,Batasi,Aman,Batasi,Aman,Batasi,lemak total %AKG sedang (13.43%); natrium %AKG sedang (17.33%),0.65,0,1,0,1,0,2,3.77,1.54,12.0,0.93,0.0,17.33,17.33,Tidak Diketahui
Nissin Assorted Biscuits,PT. Serena Indopangan Industri,1 g,45.0,1.0,18.0,5.0,7.0,60.0,1.0,5.58,1.67,5.54,7.46,4.0,0.0,0.0,0.0,6.0,6.0,8.0,0.0,1.0,0,1.0,Aman,Aman,Aman,Aman,Aman,Aman,kandungan pembatas relatif rendah,0.15,0,0,0,0,0,0,1.7,1.54,6.67,4.19,2.7,4.0,4.0,PT. Serena Indopangan Industri
So you minuman kedelai,Tidak Diketahui,4 g,100.0,4.0,15.0,2.5,11.0,0.0,0.0,4.65,6.67,4.62,3.73,0.0,0.0,0.0,7.0,5.0,5.0,0.0,0.0,4.0,0,4.0,Aman,Aman,Aman,Aman,Batasi,Batasi,gula sedang (11.00 g),0.0,0,0,0,0,1,1,3.77,6.15,3.33,3.49,0.0,0.0,0.0,Tidak Diketahui
Khong guan Saltcheese,Tidak Diketahui,0 g,80.0,1.0,10.0,4.0,2.0,0.0,0.0,3.72,1.67,3.08,5.97,0.0,0.0,0.0,0.0,4.0,4.0,6.0,0.0,0.0,1,2.0,Aman,Aman,Aman,Aman,Aman,Aman,kandungan pembatas relatif rendah,0.0,0,0,0,0,0,0,3.02,1.54,5.33,2.33,0.0,0.0,0.0,Tidak Diketahui
SOESNACK CHEESE,Tidak Diketahui,1 g,45.0,1.0,3.0,3.5,0.0,35.0,0.0,2.09,1.67,0.92,5.22,2.33,0.0,3.0,0.0,0.0,3.0,6.0,0.0,1.0,0,1.0,Aman,Aman,Aman,Aman,Aman,Aman,kandungan pembatas relatif rendah,0.0875,0,0,0,0,0,0,1.7,1.54,4.67,0.7,0.0,2.33,2.33,Tidak Diketahui
permen xylitol jeruk nipis,Tidak Diketahui,0 g,10.0,0.0,2.0,0.0,0.0,0.0,0.0,0.47,0.0,0.62,0.0,0.0,0.0,0.0,0.0,1.0,1.0,0.0,0.0,0.0,1,2.0,Aman,Aman,Aman,Aman,Aman,Aman,kandungan pembatas relatif rendah,0.0,0,0,0,0,0,0,0.38,0.0,0.0,0.47,0.0,0.0,0.0,Tidak Diketahui
Sariroti Sandwich pandan sarikaya,PT. Nippon Indosari corporindo Tbk,1 g,110.0,2.0,19.0,2.5,4.0,180.0,1.0,5.12,3.33,5.85,3.73,12.0,0.0,12.0,0.0,6.0,6.0,0.0,0.0,1.0,0,1.0,Aman,Aman,Aman,Batasi,Aman,Batasi,natrium %AKG sedang (12.00%),0.45,0,0,0,1,0,1,4.15,3.08,3.33,4.42,2.7,12.0,12.0,PT. Nippon Indosari corporindo Tbk.
Garlic parmesan (classic wings),Tidak Diketahui,1 g,206.0,16.0,1.0,15.0,0.0,0.0,1.0,9.58,26.67,0.31,22.39,0.0,0.0,0.0,27.0,0.0,10.0,23.0,0.0,1.0,0,1.0,Aman,Waspada,Aman,Aman,Aman,Waspada,lemak total %AKG tinggi (22.39%),0.0,0,2,0,0,0,2,7.77,24.62,20.0,0.23,2.7,0.0,0.0,Tidak Diketahui
Monde Serena Egg Rolls Original,PT. Monde Mahkota Biskuit,1 g,45.0,1.0,8.0,5.0,4.0,10.0,1.0,3.72,1.67,2.46,7.46,0.67,13.0,0.0,0.0,0.0,0.0,8.0,0.0,1.0,0,1.0,Aman,Aman,Batasi,Aman,Aman,Batasi,lemak jenuh %AKG sedang (13.00%),0.025,0,0,1,0,0,1,1.7,1.54,6.67,1.86,2.7,0.67,0.67,PT. Monde Mahkota Biskuit
You C1000 Lemon Water,Tidak Diketahui,0 g,150.0,0.0,37.0,0.0,37.0,60.0,0.0,6.98,0.0,11.38,0.0,4.0,0.0,0.0,0.0,12.0,7.0,0.0,0.0,0.0,1,2.0,Aman,Aman,Aman,Aman,Waspada,Waspada,gula tinggi (37.00 g),0.15,0,0,0,0,2,2,5.66,0.0,0.0,8.6,0.0,4.0,4.0,Tidak Diketahui
Gery Saluut Malkist,PT. Garudafood Putra Putri Jaya Tbk,2 g,130.0,2.0,19.0,5.0,5.0,0.0,0.0,6.05,3.33,5.85,7.46,0.0,0.0,0.0,0.0,6.0,7.0,8.0,0.0,2.0,0,2.0,Aman,Aman,Aman,Aman,Aman,Aman,kandungan pembatas relatif rendah,0.0,0,0,0,0,0,0,4.91,3.08,6.67,4.42,0.0,0.0,0.0,PT. Garudafood Putra Putri Jaya Tbk.
quaker instan oatmeal,Tidak Diketahui,4 g,140.0,4.0,24.0,3.5,0.0,0.0,0.0,6.51,6.67,7.38,5.22,0.0,0.0,0.0,7.0,8.0,7.0,0.0,0.0,4.0,0,4.0,Aman,Aman,Aman,Aman,Aman,Aman,kandungan pembatas relatif rendah,0.0,0,0,0,0,0,0,5.28,6.15,4.67,5.58,0.0,0.0,0.0,Tidak Diketahui
Sirup Sunquick Exotic,PT.Lasallefood,0 g,45.0,0.0,11.0,0.0,11.0,0.0,0.0,2.09,0.0,3.38,0.0,0.0,0.0,0.0,0.0,4.0,3.0,0.0,0.0,0.0,1,2.0,Aman,Aman,Aman,Aman,Batasi,Batasi,gula sedang (11.00 g),0.0,0,0,0,0,1,1,1.7,0.0,0.0,2.56,0.0,0.0,0.0,PT. Lasallefood
Frisian flag full cream,PT.Frisian Flag Indonesia,7 g,140.0,7.0,13.0,7.0,11.0,100.0,0.0,6.51,11.67,4.0,10.45,6.67,0.0,7.0,12.0,0.0,0.0,11.0,0.0,7.0,0,7.0,Aman,Batasi,Aman,Aman,Batasi,Batasi,lemak total %AKG sedang (10.45%); gula sedang (11.00 g),0.25,0,1,0,0,1,2,5.28,10.77,9.33,3.02,0.0,6.67,6.67,PT. Frisian Flag Indonesia
Pop Ice flavour strawberry,Tidak Diketahui,1 g,20.0,1.0,22.0,2.0,19.0,35.0,0.0,5.12,1.67,6.77,2.99,2.33,0.0,0.0,0.0,7.0,6.0,3.0,0.0,1.0,0,1.0,Aman,Aman,Aman,Aman,Batasi,Batasi,gula sedang (19.00 g),0.0875,0,0,0,0,1,1,0.75,1.54,2.67,5.12,0.0,2.33,2.33,Tidak Diketahui
Teajus Madu,PT. Karunia Alam Segar,0 g,30.0,0.0,7.0,0.0,7.0,5.0,0.0,1.4,0.0,2.15,0.0,0.33,0.0,1.0,0.0,3.0,2.0,0.0,0.0,0.0,1,2.0,Aman,Aman,Aman,Aman,Aman,Aman,kandungan pembatas relatif rendah,0.0125,0,0,0,0,0,0,1.13,0.0,0.0,1.63,0.0,0.33,0.33,PT. Karunia Alam Segar
KitKat,PT. Nestle Indonesia,1 g,90.0,1.0,10.0,5.0,0.0,15.0,0.0,4.19,1.67,3.08,7.46,1.0,0.0,0.0,0.0,4.0,5.0,8.0,0.0,1.0,0,1.0,Aman,Aman,Aman,Aman,Aman,Aman,kandungan pembatas relatif rendah,0.0375,0,0,0,0,0,0,3.4,1.54,6.67,2.33,0.0,1.0,1.0,PT. Nestle Indonesia
Saus Hoisin,Tidak Diketahui,1 g,100.0,1.0,22.0,0.5,21.0,0.0,1.0,4.65,1.67,6.77,0.75,0.0,0.0,0.0,0.0,7.0,5.0,0.0,4.0,1.0,0,1.0,Aman,Aman,Aman,Aman,Waspada,Waspada,gula tinggi (21.00 g),0.0,0,0,0,0,2,2,3.77,1.54,0.67,5.12,2.7,0.0,0.0,Tidak Diketahui
Sedaap Tasty bakmi ayam,PT. Karunia Alam Segar,7 g,590.0,15.0,84.0,22.0,6.0,810.0,7.0,27.44,25.0,25.85,32.84,54.0,45.0,54.0,0.0,0.0,0.0,33.0,0.0,7.0,0,7.0,Waspada,Waspada,Waspada,Waspada,Aman,Waspada,energi %AKG tinggi (27.44%); lemak total %AKG tinggi (32.84%); lemak jenuh %AKG tinggi (45.00%); natrium %AKG tinggi (54.00%),2.025,2,2,2,2,0,8,22.26,23.08,29.33,19.53,18.92,54.0,54.0,PT. Karunia Alam Segar
Susu greenfields full cream,PT. Greenfield Indonesia,1 g,160.0,8.0,12.0,9.0,7.0,0.0,1.0,7.44,13.33,3.69,13.43,0.0,0.0,0.0,14.0,0.0,8.0,14.0,0.0,1.0,0,1.0,Aman,Batasi,Aman,Aman,Aman,Batasi,lemak total %AKG sedang (13.43%),0.0,0,1,0,0,0,1,6.04,12.31,12.0,2.79,2.7,0.0,0.0,PT. Greenfield Indonesia
Kobe Tepung Bumbu Serbaguna Special,PT. Kobe Boga Utama,1 g,0.0,2.0,13.0,0.0,0.0,450.0,1.0,2.79,3.33,4.0,0.0,30.0,0.0,30.0,4.0,4.0,0.0,0.0,0.0,1.0,0,1.0,Aman,Aman,Aman,Waspada,Aman,Waspada,natrium %AKG tinggi (30.00%),1.125,0,0,0,2,0,2,0.0,3.08,0.0,3.02,2.7,30.0,30.0,PT. Kobe Boga Utama
prenagen esensis susu bubuk rasa moka,Tidak Diketahui,7 g,150.0,7.0,29.0,1.0,0.0,110.0,0.0,6.98,11.67,8.92,1.49,7.33,0.0,8.0,12.0,9.0,0.0,0.0,0.0,7.0,0,7.0,Aman,Aman,Aman,Aman,Aman,Aman,kandungan pembatas relatif rendah,0.275,0,0,0,0,0,0,5.66,10.77,1.33,6.74,0.0,7.33,7.33,Tidak Diketahui
BANGO kecap manis (400 ml),PT. ANUGRAH MUTU BERSAMA,0 g,60.0,0.0,15.0,0.0,13.0,400.0,0.0,2.79,0.0,4.62,0.0,26.67,0.0,27.0,0.0,5.0,3.0,0.0,0.0,0.0,1,2.0,Aman,Aman,Aman,Waspada,Batasi,Waspada,natrium %AKG tinggi (26.67%); gula sedang (13.00 g),1.0,0,0,0,2,1,3,2.26,0.0,0.0,3.49,0.0,26.67,26.67,PT. ANUGRAH MUTU BERSAMA
Nestle air minum,PT. Nestle Indonesia,0 g,0.0,0.0,0.0,0.0,0.0,0.0,0.0,0.0,0.0,0.0,0.0,0.0,0.0,0.0,0.0,0.0,0.0,0.0,0.0,0.0,1,2.0,Aman,Aman,Aman,Aman,Aman,Aman,kandungan pembatas relatif rendah,0.0,0,0,0,0,0,0,0.0,0.0,0.0,0.0,0.0,0.0,0.0,PT. Nestle Indonesia
Dancow FortiGro rasa vanilla,PT. Nestle Indonesia,5 g,50.0,5.0,14.0,6.0,11.0,90.0,0.0,5.58,8.33,4.31,8.96,6.0,15.0,0.0,9.0,0.0,0.0,9.0,0.0,5.0,0,5.0,Aman,Aman,Batasi,Aman,Batasi,Batasi,lemak jenuh %AKG sedang (15.00%); gula sedang (11.00 g),0.225,0,0,1,0,1,2,1.89,7.69,8.0,3.26,0.0,6.0,6.0,PT. Nestle Indonesia
Keju kraft quick melt,PT. Kraft foods Indonesia,5 g,100.0,5.0,4.0,7.0,1.0,0.0,0.0,4.65,8.33,1.23,10.45,0.0,0.0,0.0,9.0,0.0,5.0,11.0,0.0,5.0,0,5.0,Aman,Batasi,Aman,Aman,Aman,Batasi,lemak total %AKG sedang (10.45%),0.0,0,1,0,0,0,1,3.77,7.69,9.33,0.93,0.0,0.0,0.0,PT. Kraft foods Indonesia
Haverjoy,Tidak Diketahui,8 g,140.0,3.0,25.0,3.5,0.0,0.0,8.0,6.51,5.0,7.69,5.22,0.0,0.0,0.0,0.0,8.0,7.0,0.0,27.0,8.0,0,8.0,Aman,Aman,Aman,Aman,Aman,Aman,kandungan pembatas relatif rendah,0.0,0,0,0,0,0,0,5.28,4.62,4.67,5.81,21.62,0.0,0.0,Tidak Diketahui
Hydromama,PT. KARNIEL PACIFIC INDONESIA,0 g,0.0,0.0,18.0,0.0,15.0,85.0,0.0,0.0,0.0,5.54,0.0,5.67,0.0,6.0,0.0,6.0,0.0,0.0,0.0,0.0,1,2.0,Aman,Aman,Aman,Aman,Batasi,Batasi,gula sedang (15.00 g),0.2125,0,0,0,0,1,1,0.0,0.0,0.0,4.19,0.0,5.67,5.67,PT. KARNIEL PACIFIC INDONESIA
Biskuit Serena broniz,PT. Serena Land,1 g,100.0,2.0,13.0,5.0,7.0,0.0,1.0,4.65,3.33,4.0,7.46,0.0,0.0,0.0,0.0,4.0,5.0,8.0,0.0,1.0,0,1.0,Aman,Aman,Aman,Aman,Aman,Aman,kandungan pembatas relatif rendah,0.0,0,0,0,0,0,0,3.77,3.08,6.67,3.02,2.7,0.0,0.0,PT. Serena Land
Pop Mie Goreng Pedas Gledek,PT. Indofood CBP Sukses Makmur Tbk.,6 g,370.0,6.0,45.0,18.0,0.0,930.0,0.0,17.21,10.0,13.85,26.87,62.0,0.0,62.0,0.0,0.0,18.0,27.0,0.0,6.0,0,6.0,Batasi,Waspada,Aman,Waspada,Aman,Waspada,energi %AKG sedang (17.21%); lemak total %AKG tinggi (26.87%); natrium %AKG tinggi (62.00%),2.325,1,2,0,2,0,5,13.96,9.23,24.0,10.47,0.0,62.0,62.0,PT. Indofood CBP Sukses Makmur Tbk.
Pop Mie PAKE NASI,PT. Indofood CBP Sukses Makmur Tbk.,7 g,350.0,7.0,48.0,15.0,0.0,1370.0,0.0,16.28,11.67,14.77,22.39,91.33,0.0,92.0,0.0,0.0,17.0,23.0,0.0,7.0,0,7.0,Batasi,Waspada,Aman,Waspada,Aman,Waspada,energi %AKG sedang (16.28%); lemak total %AKG tinggi (22.39%); natrium %AKG tinggi (91.33%),3.425,1,2,0,2,0,5,13.21,10.77,20.0,11.16,0.0,91.33,91.33,PT. Indofood CBP Sukses Makmur Tbk.
SOYJOY FRUIT SOY BAR STRAWBERRY,PT. Amerta indah otsuka,3 g,40.0,4.0,19.0,4.5,11.0,30.0,3.0,6.05,6.67,5.85,6.72,2.0,10.0,0.0,0.0,0.0,0.0,7.0,10.0,3.0,0,3.0,Aman,Aman,Batasi,Aman,Batasi,Batasi,lemak jenuh %AKG sedang (10.00%); gula sedang (11.00 g),0.075,0,0,1,0,1,2,1.51,6.15,6.0,4.42,8.11,2.0,2.0,PT. Amerta indah otsuka
Teajus Rasa Lemon,PT. Karunia Alam Segar,0 g,0.0,0.0,6.0,0.0,5.0,0.0,0.0,1.16,0.0,1.85,0.0,0.0,0.0,0.0,0.0,2.0,2.0,0.0,0.0,0.0,1,2.0,Aman,Aman,Aman,Aman,Aman,Aman,kandungan pembatas relatif rendah,0.0,0,0,0,0,0,0,0.0,0.0,0.0,1.4,0.0,0.0,0.0,PT. Karunia Alam Segar
Frisian flag coconut delight,PT. Frisian Flag Indonesia,6 g,160.0,6.0,25.0,5.0,14.0,95.0,0.0,7.44,10.0,7.69,7.46,6.33,0.0,0.0,10.0,8.0,0.0,8.0,0.0,6.0,0,6.0,Aman,Aman,Aman,Aman,Batasi,Batasi,gula sedang (14.00 g),0.2375,0,0,0,0,1,1,6.04,9.23,6.67,5.81,0.0,6.33,6.33,PT. Frisian Flag Indonesia
Bumbu Nasi Goreng Royco,PT. Agri Wangi Indonesia,0 g,10.0,0.0,2.0,0.0,0.0,520.0,0.0,0.47,0.0,0.62,0.0,34.67,0.0,35.0,0.0,1.0,1.0,0.0,0.0,0.0,1,2.0,Aman,Aman,Aman,Waspada,Aman,Waspada,natrium %AKG tinggi (34.67%),1.3,0,0,0,2,0,2,0.38,0.0,0.0,0.47,0.0,34.67,34.67,PT. Agri Wangi Indonesia
Sarden abc extra pedas,Tidak Diketahui,9 g,5.0,9.0,3.0,1.0,0.0,260.0,0.0,0.23,15.0,0.92,1.49,17.33,0.0,18.0,15.0,0.0,0.0,0.0,0.0,9.0,0,9.0,Aman,Aman,Aman,Batasi,Aman,Batasi,natrium %AKG sedang (17.33%),0.65,0,0,0,1,0,1,0.19,13.85,1.33,0.7,0.0,17.33,17.33,Tidak Diketahui
Gowell sereal & susu rasa taro,PT. Indofood Sukses Makmur Tbk,2 g,120.0,2.0,23.0,2.5,0.0,165.0,0.0,5.58,3.33,7.08,3.73,11.0,0.0,11.0,0.0,8.0,6.0,0.0,0.0,2.0,0,2.0,Aman,Aman,Aman,Batasi,Aman,Batasi,natrium %AKG sedang (11.00%),0.4125,0,0,0,1,0,1,4.53,3.08,3.33,5.35,0.0,11.0,11.0,PT. Indofood Sukses Makmur Tbk.
Cadbury Dairy Milk,PT. Cadbury Indonesia,2 g,160.0,2.0,18.0,2.0,15.0,0.0,0.0,7.44,3.33,5.54,2.99,0.0,0.0,0.0,4.0,6.0,8.0,0.0,0.0,2.0,0,2.0,Aman,Aman,Aman,Aman,Batasi,Batasi,gula sedang (15.00 g),0.0,0,0,0,0,1,1,6.04,3.08,2.67,4.19,0.0,0.0,0.0,PT. Cadbury Indonesia
Coklat Delfi dairy milk,PT. Petra Food,2 g,150.0,2.0,15.0,9.0,12.0,0.0,0.0,6.98,3.33,4.62,13.43,0.0,0.0,0.0,0.0,5.0,7.0,14.0,0.0,2.0,0,2.0,Aman,Batasi,Aman,Aman,Batasi,Batasi,lemak total %AKG sedang (13.43%); gula sedang (12.00 g),0.0,0,1,0,0,1,2,5.66,3.08,12.0,3.49,0.0,0.0,0.0,PT. Petra Food
"Sereal ENERGEN ""Kacang Hijau""",Tidak Diketahui,1 g,25.0,2.0,24.0,3.0,16.0,70.0,1.0,6.05,3.33,7.38,4.48,4.67,5.0,0.0,0.0,8.0,7.0,0.0,0.0,1.0,0,1.0,Aman,Aman,Aman,Aman,Batasi,Batasi,gula sedang (16.00 g),0.175,0,0,0,0,1,1,0.94,3.08,4.0,5.58,2.7,4.67,4.67,Tidak Diketahui
Energen Oat milk,PT. Mayora Indah Tbk.,2 g,100.0,3.0,16.0,2.0,1.0,0.0,2.0,4.65,5.0,4.92,2.99,0.0,0.0,0.0,5.0,5.0,0.0,0.0,7.0,2.0,0,2.0,Aman,Aman,Aman,Aman,Aman,Aman,kandungan pembatas relatif rendah,0.0,0,0,0,0,0,0,3.77,4.62,2.67,3.72,5.41,0.0,0.0,PT. Mayora Indah Tbk.
Saus sambal,Tidak Diketahui,0 g,27.0,0.0,6.7,0.0,6.5,0.0,0.0,1.26,0.0,2.06,0.0,0.0,0.0,0.0,0.0,3.0,2.0,0.0,0.0,0.0,1,2.0,Aman,Aman,Aman,Aman,Aman,Aman,kandungan pembatas relatif rendah,0.0,0,0,0,0,0,0,1.02,0.0,0.0,1.56,0.0,0.0,0.0,Tidak Diketahui
Saus tomat,Tidak Diketahui,0.18 g,17.0,0.18,4.66,0.02,3.62,0.0,0.0,0.79,0.3,1.43,0.03,0.0,0.0,0.0,1.0,2.0,1.0,0.0,0.0,0.18,0,0.18,Aman,Aman,Aman,Aman,Aman,Aman,kandungan pembatas relatif rendah,0.0,0,0,0,0,0,0,0.64,0.28,0.03,1.08,0.0,0.0,0.0,Tidak Diketahui
Saus Teriyaki,Tidak Diketahui,0 g,15.0,0.0,4.0,0.0,3.0,0.0,0.0,0.7,0.0,1.23,0.0,0.0,0.0,0.0,0.0,2.0,1.0,0.0,0.0,0.0,1,2.0,Aman,Aman,Aman,Aman,Aman,Aman,kandungan pembatas relatif rendah,0.0,0,0,0,0,0,0,0.57,0.0,0.0,0.93,0.0,0.0,0.0,Tidak Diketahui
Diabetasol (vanilla malt),PT. Kalbe Nutritional,3 g,170.0,8.0,26.0,4.0,0.0,0.0,3.0,7.91,13.33,8.0,5.97,0.0,0.0,0.0,14.0,8.0,0.0,0.0,10.0,3.0,0,3.0,Aman,Aman,Aman,Aman,Aman,Aman,kandungan pembatas relatif rendah,0.0,0,0,0,0,0,0,6.42,12.31,5.33,6.05,8.11,0.0,0.0,PT. Kalbe Nutritional
Indomie soto padang,PT. Indofood CBP Sukses Makmur Tbk.,6 g,330.0,8.0,44.0,14.0,0.0,0.0,6.0,15.35,13.33,13.54,20.9,0.0,0.0,0.0,0.0,0.0,16.0,21.0,20.0,6.0,0,6.0,Batasi,Waspada,Aman,Aman,Aman,Waspada,energi %AKG sedang (15.35%); lemak total %AKG tinggi (20.90%),0.0,1,2,0,0,0,3,12.45,12.31,18.67,10.23,16.22,0.0,0.0,PT. Indofood CBP Sukses Makmur Tbk.
Selai Nutella,Tidak Diketahui,2 g,200.0,2.0,23.0,12.0,0.0,0.0,0.0,9.3,3.33,7.08,17.91,0.0,0.0,0.0,0.0,8.0,10.0,18.0,0.0,2.0,0,2.0,Aman,Batasi,Aman,Aman,Aman,Batasi,lemak total %AKG sedang (17.91%),0.0,0,1,0,0,0,1,7.55,3.08,16.0,5.35,0.0,0.0,0.0,Tidak Diketahui
Promina smooth kacang hijau,PT. Indofood CBP Sukses Makmur Tbk.,8 g,210.0,8.0,35.0,4.5,0.0,150.0,0.0,9.77,13.33,10.77,6.72,10.0,0.0,10.0,14.0,11.0,0.0,0.0,0.0,8.0,0,8.0,Aman,Aman,Aman,Batasi,Aman,Batasi,natrium %AKG sedang (10.00%),0.375,0,0,0,1,0,1,7.92,12.31,6.0,8.14,0.0,10.0,10.0,PT. Indofood CBP Sukses Makmur Tbk.
san remo pasta sauce bolognese mushroom,PT. Sukanda djaya,2.10 g,77.0,2.1,8.6,3.6,4.8,0.0,0.0,3.58,3.5,2.65,5.37,0.0,0.0,0.0,4.0,0.0,4.0,6.0,0.0,2.1,0,2.1,Aman,Aman,Aman,Aman,Aman,Aman,kandungan pembatas relatif rendah,0.0,0,0,0,0,0,0,2.91,3.23,4.8,2.0,0.0,0.0,0.0,PT. Sukanda djaya
Pasta La fonte spaghetti with bolognese sauce,PT. Indofood CBP Sukses Makmur Tbk.,6 g,420.0,10.0,93.0,0.0,0.0,0.0,6.0,19.53,16.67,28.62,0.0,0.0,0.0,0.0,0.0,29.0,20.0,0.0,20.0,6.0,0,6.0,Batasi,Aman,Aman,Aman,Aman,Batasi,energi %AKG sedang (19.53%),0.0,1,0,0,0,0,1,15.85,15.38,0.0,21.63,16.22,0.0,0.0,PT. Indofood CBP Sukses Makmur Tbk.
La pasta royale cheese bolognese,PT. Bogasari,8 g,340.0,10.0,64.0,6.0,10.0,0.0,8.0,15.81,16.67,19.69,8.96,0.0,0.0,0.0,17.0,20.0,0.0,0.0,27.0,8.0,0,8.0,Batasi,Aman,Aman,Aman,Batasi,Batasi,energi %AKG sedang (15.81%); gula sedang (10.00 g),0.0,1,0,0,0,1,2,12.83,15.38,8.0,14.88,21.62,0.0,0.0,PT. Bogasari
MR.P Garlic peanut,PT. Mitrasatrya Perkasautama,6 g,240.0,6.0,14.0,17.0,0.0,0.0,0.0,11.16,10.0,4.31,25.37,0.0,0.0,0.0,10.0,0.0,12.0,26.0,0.0,6.0,0,6.0,Batasi,Waspada,Aman,Aman,Aman,Waspada,energi %AKG sedang (11.16%); lemak total %AKG tinggi (25.37%),0.0,1,2,0,0,0,3,9.06,9.23,22.67,3.26,0.0,0.0,0.0,PT. Mitrasatrya Perkasautama
Mr. Bread Roti manis pandan coklat srikaya,PT. Mr. Bread Company,7 g,330.0,7.0,50.0,11.0,12.0,330.0,0.0,15.35,11.67,15.38,16.42,22.0,0.0,22.0,0.0,16.0,0.0,17.0,0.0,7.0,0,7.0,Batasi,Batasi,Aman,Waspada,Batasi,Waspada,energi %AKG sedang (15.35%); lemak total %AKG sedang (16.42%); natrium %AKG tinggi (22.00%); gula sedang (12.00 g),0.825,1,1,0,2,1,5,12.45,10.77,14.67,11.63,0.0,22.0,22.0,PT. Mr. Bread Company
Sonice Chicken wing,PT. So Good Food Manufacturing,20 g,220.0,20.0,4.0,14.0,0.0,0.0,0.0,10.23,33.33,1.23,20.9,0.0,0.0,0.0,34.0,0.0,11.0,21.0,0.0,20.0,0,20.0,Batasi,Waspada,Aman,Aman,Aman,Waspada,energi %AKG sedang (10.23%); lemak total %AKG tinggi (20.90%),0.0,1,2,0,0,0,3,8.3,30.77,18.67,0.93,0.0,0.0,0.0,PT. So Good Food Manufacturing
French fries 2000 dengan saos sambal colek,Tidak Diketahui,0 g,45.0,0.0,8.0,1.5,0.0,125.0,0.0,2.09,0.0,2.46,2.24,8.33,0.0,9.0,0.0,3.0,0.0,3.0,0.0,0.0,1,2.0,Aman,Aman,Aman,Aman,Aman,Aman,kandungan pembatas relatif rendah,0.3125,0,0,0,0,0,0,1.7,0.0,2.0,1.86,0.0,8.33,8.33,Tidak Diketahui
Saori Saus Mentega,PT. Inkenas Agung,0 g,0.0,0.0,2.0,0.0,0.0,200.0,0.0,0.47,0.0,0.62,0.0,13.33,0.0,14.0,0.0,1.0,1.0,0.0,0.0,0.0,1,2.0,Aman,Aman,Aman,Batasi,Aman,Batasi,natrium %AKG sedang (13.33%),0.5,0,0,0,1,0,1,0.0,0.0,0.0,0.47,0.0,13.33,13.33,PT. Inkenas Agung
Super bihun kuah,PT. Kuala Pangan,3 g,190.0,4.0,36.0,2.5,0.0,1190.0,3.0,8.84,6.67,11.08,3.73,79.33,13.0,80.0,0.0,12.0,0.0,0.0,0.0,3.0,0,3.0,Aman,Aman,Batasi,Waspada,Aman,Waspada,lemak jenuh %AKG sedang (13.00%); natrium %AKG tinggi (79.33%),2.975,0,0,1,2,0,3,7.17,6.15,3.33,8.37,8.11,79.33,79.33,PT. Kuala Pangan
Super bihun goreng,PT. Kuala Pangan,4 g,250.0,4.0,46.0,5.0,3.0,0.0,4.0,11.63,6.67,14.15,7.46,0.0,0.0,0.0,0.0,15.0,12.0,0.0,14.0,4.0,0,4.0,Batasi,Aman,Aman,Aman,Aman,Batasi,energi %AKG sedang (11.63%),0.0,1,0,0,0,0,1,9.43,6.15,6.67,10.7,10.81,0.0,0.0,PT. Kuala Pangan
Coca cola,Tidak Diketahui,0.26 g,136.0,0.26,35.18,0.07,0.0,0.0,0.0,6.33,0.43,10.82,0.1,0.0,0.0,0.0,1.0,11.0,7.0,0.0,0.0,0.26,0,0.26,Aman,Aman,Aman,Aman,Aman,Aman,kandungan pembatas relatif rendah,0.0,0,0,0,0,0,0,5.13,0.4,0.09,8.18,0.0,0.0,0.0,Tidak Diketahui
Hydro coco,PT. Kalbe Nutritional,7 g,60.0,0.0,18.0,0.0,10.0,0.0,7.0,2.79,0.0,5.54,0.0,0.0,0.0,0.0,0.0,6.0,3.0,0.0,24.0,7.0,0,7.0,Aman,Aman,Aman,Aman,Batasi,Batasi,gula sedang (10.00 g),0.0,0,0,0,0,1,1,2.26,0.0,0.0,4.19,18.92,0.0,0.0,PT. Kalbe Nutritional
Tim tam chocolate,PT. Arrnott's Indonesia,2 g,150.0,2.0,21.0,7.0,0.0,0.0,0.0,6.98,3.33,6.46,10.45,0.0,0.0,0.0,0.0,7.0,7.0,11.0,0.0,2.0,0,2.0,Aman,Batasi,Aman,Aman,Aman,Batasi,lemak total %AKG sedang (10.45%),0.0,0,1,0,0,0,1,5.66,3.08,9.33,4.88,0.0,0.0,0.0,PT. Arrnott's Indonesia
Loacker chocolate,PT. Petra food indonesia,7.70 g,511.0,7.7,59.0,26.0,0.0,0.0,0.0,23.77,12.83,18.15,38.81,0.0,0.0,0.0,0.0,19.0,24.0,39.0,0.0,7.7,0,7.7,Waspada,Waspada,Aman,Aman,Aman,Waspada,energi %AKG tinggi (23.77%); lemak total %AKG tinggi (38.81%),0.0,2,2,0,0,0,4,19.28,11.85,34.67,13.72,0.0,0.0,0.0,PT. Petra food indonesia
Tango chocolate,PT. Orang Tua (OT),1 g,100.0,1.0,14.0,4.0,0.0,0.0,0.0,4.65,1.67,4.31,5.97,0.0,0.0,0.0,0.0,5.0,5.0,6.0,0.0,1.0,0,1.0,Aman,Aman,Aman,Aman,Aman,Aman,kandungan pembatas relatif rendah,0.0,0,0,0,0,0,0,3.77,1.54,5.33,3.26,0.0,0.0,0.0,PT. Orang Tua (OT)
Yakult,PT. Yakult Indonesia,1 g,50.0,1.0,11.0,0.0,10.0,0.0,0.0,2.33,1.67,3.38,0.0,0.0,0.0,0.0,2.0,4.0,3.0,0.0,0.0,1.0,0,1.0,Aman,Aman,Aman,Aman,Batasi,Batasi,gula sedang (10.00 g),0.0,0,0,0,0,1,1,1.89,1.54,0.0,2.56,0.0,0.0,0.0,PT. Yakult Indonesia
Susu kedelai V Soy Multigrain,PT. Sukanda djaya,6.10 g,169.0,6.1,20.4,6.9,16.3,0.0,0.0,7.86,10.17,6.28,10.3,0.0,0.0,0.0,11.0,0.0,8.0,11.0,0.0,6.1,0,6.1,Aman,Batasi,Aman,Aman,Batasi,Batasi,lemak total %AKG sedang (10.30%); gula sedang (16.30 g),0.0,0,1,0,0,1,2,6.38,9.38,9.2,4.74,0.0,0.0,0.0,PT. Sukanda djaya
Multigrain Bread,Tidak Diketahui,8 g,240.0,8.0,38.0,6.0,5.0,0.0,0.0,11.16,13.33,11.69,8.96,0.0,0.0,0.0,14.0,12.0,12.0,0.0,0.0,8.0,0,8.0,Batasi,Aman,Aman,Aman,Aman,Batasi,energi %AKG sedang (11.16%),0.0,1,0,0,0,0,1,9.06,12.31,8.0,8.84,0.0,0.0,0.0,Tidak Diketahui
So good Almond milk original,PT. Sanitarium,0.70 g,74.0,1.4,9.0,3.4,8.6,0.0,0.7,3.44,2.33,2.77,5.07,0.0,0.0,0.0,0.0,3.0,4.0,6.0,0.0,0.7,0,0.7,Aman,Aman,Aman,Aman,Aman,Aman,kandungan pembatas relatif rendah,0.0,0,0,0,0,0,0,2.79,2.15,4.53,2.09,1.89,0.0,0.0,PT. Sanitarium
Susu almond So good Almond Milk unsweetend,PT. Sanitarium,0.80 g,41.0,1.4,0.8,3.5,0.3,0.0,0.8,1.91,2.33,0.25,5.22,0.0,0.0,0.0,3.0,0.0,0.0,6.0,3.0,0.8,0,0.8,Aman,Aman,Aman,Aman,Aman,Aman,kandungan pembatas relatif rendah,0.0,0,0,0,0,0,0,1.55,2.15,4.67,0.19,2.16,0.0,0.0,PT. Sanitarium
Pocky Chocolate,PT. Glico Indonesia,3 g,230.0,3.0,32.0,10.0,12.0,0.0,0.0,10.7,5.0,9.85,14.93,0.0,0.0,0.0,0.0,10.0,11.0,15.0,0.0,3.0,0,3.0,Batasi,Batasi,Aman,Aman,Batasi,Batasi,energi %AKG sedang (10.70%); lemak total %AKG sedang (14.93%); gula sedang (12.00 g),0.0,1,1,0,0,1,3,8.68,4.62,13.33,7.44,0.0,0.0,0.0,PT. Glico Indonesia
Pocky Cookies dan cream,PT. Glico Indonesia,3 g,210.0,3.0,26.0,10.0,11.0,0.0,0.0,9.77,5.0,8.0,14.93,0.0,0.0,0.0,0.0,8.0,10.0,15.0,0.0,3.0,0,3.0,Aman,Batasi,Aman,Aman,Batasi,Batasi,lemak total %AKG sedang (14.93%); gula sedang (11.00 g),0.0,0,1,0,0,1,2,7.92,4.62,13.33,6.05,0.0,0.0,0.0,PT. Glico Indonesia
Pocky Strawberry,PT. Glico Indonesia,3 g,220.0,3.0,31.0,10.0,9.0,0.0,0.0,10.23,5.0,9.54,14.93,0.0,0.0,0.0,0.0,10.0,11.0,15.0,0.0,3.0,0,3.0,Batasi,Batasi,Aman,Aman,Aman,Batasi,energi %AKG sedang (10.23%); lemak total %AKG sedang (14.93%),0.0,1,1,0,0,0,2,8.3,4.62,13.33,7.21,0.0,0.0,0.0,PT. Glico Indonesia
Buavita royale sunshine carrot,"PT. Ultrajaya Milk Industry, Tbk",2 g,120.0,0.0,28.0,0.0,25.0,0.0,2.0,5.58,0.0,8.62,0.0,0.0,0.0,0.0,0.0,9.0,6.0,0.0,7.0,2.0,0,2.0,Aman,Aman,Aman,Aman,Waspada,Waspada,gula tinggi (25.00 g),0.0,0,0,0,0,2,2,4.53,0.0,0.0,6.51,5.41,0.0,0.0,PT. Ultrajaya Milk Industry Tbk.
Buavita royale chloro broccoli,"PT. Ultrajaya Milk Industry, Tbk",0 g,120.0,0.0,29.0,0.0,27.0,0.0,0.0,5.58,0.0,8.92,0.0,0.0,0.0,0.0,0.0,9.0,6.0,0.0,0.0,0.0,1,2.0,Aman,Aman,Aman,Aman,Waspada,Waspada,gula tinggi (27.00 g),0.0,0,0,0,0,2,2,4.53,0.0,0.0,6.74,0.0,0.0,0.0,PT. Ultrajaya Milk Industry Tbk.
Ades,PT. Akasha wira internasional Tbk,0 g,0.0,0.0,0.0,0.0,0.0,0.0,0.0,0.0,0.0,0.0,0.0,0.0,0.0,0.0,0.0,0.0,0.0,0.0,0.0,0.0,1,2.0,Aman,Aman,Aman,Aman,Aman,Aman,kandungan pembatas relatif rendah,0.0,0,0,0,0,0,0,0.0,0.0,0.0,0.0,0.0,0.0,0.0,PT. Akasha wira internasional Tbk.
Ademsari chingku,PT. Sari Enesis Indonesia,0 g,110.0,0.0,27.0,0.0,25.0,0.0,0.0,5.12,0.0,8.31,0.0,0.0,0.0,0.0,0.0,9.0,6.0,0.0,0.0,0.0,1,2.0,Aman,Aman,Aman,Aman,Waspada,Waspada,gula tinggi (25.00 g),0.0,0,0,0,0,2,2,4.15,0.0,0.0,6.28,0.0,0.0,0.0,PT. Sari Enesis Indonesia
Sprite (kaleng),Tidak Diketahui,0 g,100.0,0.0,25.0,0.0,25.0,0.0,0.0,4.65,0.0,7.69,0.0,0.0,0.0,0.0,0.0,8.0,5.0,0.0,0.0,0.0,1,2.0,Aman,Aman,Aman,Aman,Waspada,Waspada,gula tinggi (25.00 g),0.0,0,0,0,0,2,2,3.77,0.0,0.0,5.81,0.0,0.0,0.0,Tidak Diketahui
Lovy cookies chocobutter,PT. Agel Langgeng,2 g,150.0,2.0,20.0,8.0,8.0,0.0,0.0,6.98,3.33,6.15,11.94,0.0,0.0,0.0,0.0,7.0,7.0,12.0,0.0,2.0,0,2.0,Aman,Batasi,Aman,Aman,Aman,Batasi,lemak total %AKG sedang (11.94%),0.0,0,1,0,0,0,1,5.66,3.08,10.67,4.65,0.0,0.0,0.0,PT. Agel Langgeng
Lovy cookies coffeeccino,PT. Agel Langgeng,2 g,150.0,2.0,20.0,7.0,7.0,0.0,0.0,6.98,3.33,6.15,10.45,0.0,0.0,0.0,0.0,7.0,7.0,11.0,0.0,2.0,0,2.0,Aman,Batasi,Aman,Aman,Aman,Batasi,lemak total %AKG sedang (10.45%),0.0,0,1,0,0,0,1,5.66,3.08,9.33,4.65,0.0,0.0,0.0,PT. Agel Langgeng
Promina milky beras merah,PT. Indofood CBP Sukses Makmur Tbk.,8 g,210.0,8.0,35.0,4.5,0.0,150.0,0.0,9.77,13.33,10.77,6.72,10.0,0.0,10.0,14.0,11.0,0.0,0.0,0.0,8.0,0,8.0,Aman,Aman,Aman,Batasi,Aman,Batasi,natrium %AKG sedang (10.00%),0.375,0,0,0,1,0,1,7.92,12.31,6.0,8.14,0.0,10.0,10.0,PT. Indofood CBP Sukses Makmur Tbk.
Promina pisang susu,PT. Indofood CBP Sukses Makmur Tbk.,8 g,210.0,8.0,35.0,4.5,0.0,150.0,0.0,9.77,13.33,10.77,6.72,10.0,0.0,10.0,14.0,11.0,0.0,0.0,0.0,8.0,0,8.0,Aman,Aman,Aman,Batasi,Aman,Batasi,natrium %AKG sedang (10.00%),0.375,0,0,0,1,0,1,7.92,12.31,6.0,8.14,0.0,10.0,10.0,PT. Indofood CBP Sukses Makmur Tbk.
Maestro light Mayonnaise,PT. Lasallefood Indonesia,0 g,50.0,0.0,7.0,5.0,0.0,130.0,0.0,3.72,0.0,2.15,7.46,8.67,5.0,9.0,0.0,0.0,0.0,8.0,0.0,0.0,1,2.0,Aman,Aman,Aman,Aman,Aman,Aman,kandungan pembatas relatif rendah,0.325,0,0,0,0,0,0,1.89,0.0,6.67,1.63,0.0,8.67,8.67,PT. Lasallefood Indonesia
La Fonte Fettuccine-30 Pasta,Tidak Diketahui,2 g,0.0,8.0,45.0,0.0,3.0,40.0,2.0,10.23,13.33,13.85,0.0,2.67,0.0,0.0,14.0,14.0,11.0,0.0,0.0,2.0,0,2.0,Batasi,Aman,Aman,Aman,Aman,Batasi,energi %AKG sedang (10.23%),0.1,1,0,0,0,0,1,0.0,12.31,0.0,10.47,5.41,2.67,2.67,Tidak Diketahui
sambal pecel,Tidak Diketahui,9 g,220.0,9.0,23.0,10.0,0.0,0.0,0.0,10.23,15.0,7.08,14.93,0.0,0.0,0.0,15.0,0.0,11.0,15.0,0.0,9.0,0,9.0,Batasi,Batasi,Aman,Aman,Aman,Batasi,energi %AKG sedang (10.23%); lemak total %AKG sedang (14.93%),0.0,1,1,0,0,0,2,8.3,13.85,13.33,5.35,0.0,0.0,0.0,Tidak Diketahui
Cerebrofort Marine Gummy Strawberry,Tidak Diketahui,1 g,0.0,1.0,8.0,0.0,6.0,10.0,0.0,1.63,1.67,2.46,0.0,0.67,0.0,0.0,2.0,3.0,2.0,0.0,0.0,1.0,0,1.0,Aman,Aman,Aman,Aman,Aman,Aman,kandungan pembatas relatif rendah,0.025,0,0,0,0,0,0,0.0,1.54,0.0,1.86,0.0,0.67,0.67,Tidak Diketahui
Teh celup sosro,PT. Sinar Sosro,0 g,0.0,0.0,0.0,0.0,0.0,0.0,0.0,0.0,0.0,0.0,0.0,0.0,0.0,0.0,0.0,0.0,0.0,0.0,0.0,0.0,1,2.0,Aman,Aman,Aman,Aman,Aman,Aman,kandungan pembatas relatif rendah,0.0,0,0,0,0,0,0,0.0,0.0,0.0,0.0,0.0,0.0,0.0,PT. Sinar Sosro
Kuaci Rebo origial,PT. Gumindo Bogamanis,3 g,110.0,5.0,3.0,9.0,0.0,130.0,3.0,5.12,8.33,0.92,13.43,8.67,0.0,9.0,0.0,0.0,0.0,14.0,10.0,3.0,0,3.0,Aman,Batasi,Aman,Aman,Aman,Batasi,lemak total %AKG sedang (13.43%),0.325,0,1,0,0,0,1,4.15,7.69,12.0,0.7,8.11,8.67,8.67,PT. Gumindo Bogamanis
Tummy yogurt mango carrot,PT.Heavenly Blush,11 g,150.0,3.0,29.0,2.0,18.0,0.0,11.0,6.98,5.0,8.92,2.99,0.0,0.0,0.0,0.0,9.0,7.0,0.0,37.0,11.0,0,11.0,Aman,Aman,Aman,Aman,Batasi,Batasi,gula sedang (18.00 g),0.0,0,0,0,0,1,1,5.66,4.62,2.67,6.74,29.73,0.0,0.0,PT. Heavenly Blush
Corn flakes,Tidak Diketahui,1 g,110.0,2.0,26.0,0.0,3.0,0.0,1.0,5.12,3.33,8.0,0.0,0.0,0.0,0.0,4.0,8.0,6.0,0.0,0.0,1.0,0,1.0,Aman,Aman,Aman,Aman,Aman,Aman,kandungan pembatas relatif rendah,0.0,0,0,0,0,0,0,4.15,3.08,0.0,6.05,2.7,0.0,0.0,Tidak Diketahui
Eskrim cornetto chocolate,PT. Andrawina Darma Manunggal Mulya,2 g,260.0,3.0,34.0,12.0,22.0,0.0,2.0,12.09,5.0,10.46,17.91,0.0,0.0,0.0,0.0,11.0,13.0,18.0,0.0,2.0,0,2.0,Batasi,Batasi,Aman,Aman,Waspada,Waspada,energi %AKG sedang (12.09%); lemak total %AKG sedang (17.91%); gula tinggi (22.00 g),0.0,1,1,0,0,2,4,9.81,4.62,16.0,7.91,5.41,0.0,0.0,PT. Andrawina Darma Manunggal Mulya
Coklat Lindt 70% Cocoa smooth dark,Tidak Diketahui,3 g,250.0,3.0,17.0,19.0,12.0,0.0,3.0,11.63,5.0,5.23,28.36,0.0,0.0,0.0,0.0,0.0,12.0,29.0,10.0,3.0,0,3.0,Batasi,Waspada,Aman,Aman,Batasi,Waspada,energi %AKG sedang (11.63%); lemak total %AKG tinggi (28.36%); gula sedang (12.00 g),0.0,1,2,0,0,1,4,9.43,4.62,25.33,3.95,8.11,0.0,0.0,Tidak Diketahui
Teh Kotak Less Sugar,Tidak Diketahui,0 g,70.0,0.0,19.0,0.0,0.0,5.0,0.0,3.26,0.0,5.85,0.0,0.33,0.0,1.0,0.0,6.0,4.0,0.0,0.0,0.0,1,2.0,Aman,Aman,Aman,Aman,Aman,Aman,kandungan pembatas relatif rendah,0.0125,0,0,0,0,0,0,2.64,0.0,0.0,4.42,0.0,0.33,0.33,Tidak Diketahui
Granola creation tropical fruit and nuts,PT. Lemonilo Indonesia Sehat,2 g,162.0,7.0,23.0,5.0,5.0,0.0,2.0,7.53,11.67,7.08,7.46,0.0,0.0,0.0,12.0,0.0,8.0,8.0,0.0,2.0,0,2.0,Aman,Aman,Aman,Aman,Aman,Aman,kandungan pembatas relatif rendah,0.0,0,0,0,0,0,0,6.11,10.77,6.67,5.35,5.41,0.0,0.0,PT. Lemonilo Indonesia Sehat
Go Natural fruit and nut delight,Tidak Diketahui,5.40 g,230.0,6.2,20.7,13.5,12.1,0.0,5.4,10.7,10.33,6.37,20.15,0.0,0.0,0.0,0.0,0.0,11.0,21.0,18.0,5.4,0,5.4,Batasi,Waspada,Aman,Aman,Batasi,Waspada,energi %AKG sedang (10.70%); lemak total %AKG tinggi (20.15%); gula sedang (12.10 g),0.0,1,2,0,0,1,4,8.68,9.54,18.0,4.81,14.59,0.0,0.0,Tidak Diketahui
Carman's fruit and nut,Tidak Diketahui,3.10 g,183.0,4.1,25.1,6.7,7.8,0.0,3.1,8.51,6.83,7.72,10.0,0.0,0.0,0.0,0.0,0.0,9.0,10.0,11.0,3.1,0,3.1,Aman,Batasi,Aman,Aman,Aman,Batasi,lemak total %AKG sedang (10.00%),0.0,0,1,0,0,0,1,6.91,6.31,8.93,5.84,8.38,0.0,0.0,Tidak Diketahui
Sonice Chicken Stick,PT. So Good Food Manufacturing,13 g,250.0,13.0,13.0,17.0,0.0,0.0,0.0,11.63,21.67,4.0,25.37,0.0,0.0,0.0,22.0,0.0,12.0,26.0,0.0,13.0,0,13.0,Batasi,Waspada,Aman,Aman,Aman,Waspada,energi %AKG sedang (11.63%); lemak total %AKG tinggi (25.37%),0.0,1,2,0,0,0,3,9.43,20.0,22.67,3.02,0.0,0.0,0.0,PT. So Good Food Manufacturing
Sonice Chicken karage,PT. So Good Food Manufacturing,12 g,300.0,12.0,21.0,18.0,0.0,0.0,0.0,13.95,20.0,6.46,26.87,0.0,0.0,0.0,20.0,0.0,14.0,27.0,0.0,12.0,0,12.0,Batasi,Waspada,Aman,Aman,Aman,Waspada,energi %AKG sedang (13.95%); lemak total %AKG tinggi (26.87%),0.0,1,2,0,0,0,3,11.32,18.46,24.0,4.88,0.0,0.0,0.0,PT. So Good Food Manufacturing
Cimory Soyamilk,PT. Cimory Indonesia,10 g,260.0,10.0,42.0,6.0,18.0,0.0,0.0,12.09,16.67,12.92,8.96,0.0,0.0,0.0,17.0,13.0,13.0,0.0,0.0,10.0,0,10.0,Batasi,Aman,Aman,Aman,Batasi,Batasi,energi %AKG sedang (12.09%); gula sedang (18.00 g),0.0,1,0,0,0,1,2,9.81,15.38,8.0,9.77,0.0,0.0,0.0,PT. Cimory Indonesia
Cimory yogurt set low fat,PT. Cimory Indonesia,5 g,60.0,5.0,8.0,1.5,0.0,0.0,0.0,2.79,8.33,2.46,2.24,0.0,0.0,0.0,9.0,3.0,3.0,0.0,0.0,5.0,0,5.0,Aman,Aman,Aman,Aman,Aman,Aman,kandungan pembatas relatif rendah,0.0,0,0,0,0,0,0,2.26,7.69,2.0,1.86,0.0,0.0,0.0,PT. Cimory Indonesia
Cimory yogurt drink,PT. Cimory Indonesia,26 g,180.0,6.0,32.0,2.0,0.0,0.0,26.0,8.37,10.0,9.85,2.99,0.0,0.0,0.0,10.0,10.0,0.0,0.0,87.0,26.0,0,26.0,Aman,Aman,Aman,Aman,Aman,Aman,kandungan pembatas relatif rendah,0.0,0,0,0,0,0,0,6.79,9.23,2.67,7.44,70.27,0.0,0.0,PT. Cimory Indonesia
kopi kapal api special mix,Tidak Diketahui,1 g,100.0,1.0,23.0,1.0,0.0,10.0,0.0,4.65,1.67,7.08,1.49,0.67,0.0,0.0,2.0,8.0,5.0,0.0,0.0,1.0,0,1.0,Aman,Aman,Aman,Aman,Aman,Aman,kandungan pembatas relatif rendah,0.025,0,0,0,0,0,0,3.77,1.54,1.33,5.35,0.0,0.67,0.67,Tidak Diketahui
WRP truil bar,PT.Nutrifood indonesia,2 g,80.0,1.0,14.0,3.5,7.0,0.0,2.0,3.72,1.67,4.31,5.22,0.0,0.0,0.0,0.0,5.0,0.0,6.0,7.0,2.0,0,2.0,Aman,Aman,Aman,Aman,Aman,Aman,kandungan pembatas relatif rendah,0.0,0,0,0,0,0,0,3.02,1.54,4.67,3.26,5.41,0.0,0.0,PT. Nutrifood indonesia
WRP deli chips,PT. Indofood indonesia,3 g,210.0,1.0,26.0,11.0,1.0,0.0,3.0,9.77,1.67,8.0,16.42,0.0,0.0,0.0,0.0,0.0,10.0,17.0,10.0,3.0,0,3.0,Aman,Batasi,Aman,Aman,Aman,Batasi,lemak total %AKG sedang (16.42%),0.0,0,1,0,0,0,1,7.92,1.54,14.67,6.05,8.11,0.0,0.0,PT. Indofood indonesia
yoghurt cimory,Tidak Diketahui,5 g,180.0,6.0,36.0,2.0,26.0,90.0,5.0,8.37,10.0,11.08,2.99,6.0,0.0,0.0,10.0,12.0,0.0,0.0,17.0,5.0,0,5.0,Aman,Aman,Aman,Aman,Waspada,Waspada,gula tinggi (26.00 g),0.225,0,0,0,0,2,2,6.79,9.23,2.67,8.37,13.51,6.0,6.0,Tidak Diketahui
Lays krim dan bawang,PT. Indofoodd fretolay makmur,2 g,110.0,2.0,11.0,6.0,0.0,0.0,0.0,5.12,3.33,3.38,8.96,0.0,0.0,0.0,0.0,4.0,6.0,9.0,0.0,2.0,0,2.0,Aman,Aman,Aman,Aman,Aman,Aman,kandungan pembatas relatif rendah,0.0,0,0,0,0,0,0,4.15,3.08,8.0,2.56,0.0,0.0,0.0,PT. Indofoodd fretolay makmur
Del Monte Barbaque Sauce (250 g),Tidak Diketahui,0 g,60.0,0.0,14.0,0.0,10.0,880.0,0.0,2.79,0.0,4.31,0.0,58.67,0.0,59.0,0.0,5.0,3.0,0.0,0.0,0.0,1,2.0,Aman,Aman,Aman,Waspada,Batasi,Waspada,natrium %AKG tinggi (58.67%); gula sedang (10.00 g),2.2,0,0,0,2,1,3,2.26,0.0,0.0,3.26,0.0,58.67,58.67,Tidak Diketahui
Nutrisari Es Rujak,PT. Nutrifood Indonesia,0 g,50.0,0.0,12.0,0.0,10.0,150.0,0.0,2.33,0.0,3.69,0.0,10.0,0.0,0.0,0.0,0.0,0.0,0.0,0.0,0.0,1,2.0,Aman,Aman,Aman,Batasi,Batasi,Batasi,natrium %AKG sedang (10.00%); gula sedang (10.00 g),0.375,0,0,0,1,1,2,1.89,0.0,0.0,2.79,0.0,10.0,10.0,PT. Nutrifood Indonesia
Meiji Plain Crackers with Oat,Meiji seika (s) Pte. Ltd. (diimpor oleh PT. Nirwana Lestari),2 g,120.0,3.0,19.0,3.5,0.0,120.0,2.0,5.58,5.0,5.85,5.22,8.0,8.0,8.0,0.0,0.0,0.0,0.0,7.0,2.0,0,2.0,Aman,Aman,Aman,Aman,Aman,Aman,kandungan pembatas relatif rendah,0.3,0,0,0,0,0,0,4.53,4.62,4.67,4.42,5.41,8.0,8.0,Meiji seika (s) PT. e. Ltd. (diimpor oleh PT. Nirwana Lestari)
Meiji Plain Crackers (isi 4 bungkus),Meiji seika (s) Pte. Ltd. (diimpor oleh PT. Nirwana Lestari),2 g,120.0,3.0,19.0,3.5,1.0,125.0,2.0,5.58,5.0,5.85,5.22,8.33,8.0,9.0,0.0,0.0,0.0,0.0,7.0,2.0,0,2.0,Aman,Aman,Aman,Aman,Aman,Aman,kandungan pembatas relatif rendah,0.3125,0,0,0,0,0,0,4.53,4.62,4.67,4.42,5.41,8.33,8.33,Meiji seika (s) PT. e. Ltd. (diimpor oleh PT. Nirwana Lestari)
Blue Band,PT.Unilever Indonesia Tbk,0 g,90.0,0.0,0.0,10.0,0.0,125.0,0.0,4.19,0.0,0.0,14.93,8.33,20.0,0.0,0.0,0.0,0.0,15.0,0.0,0.0,1,2.0,Aman,Batasi,Waspada,Aman,Aman,Waspada,lemak total %AKG sedang (14.93%); lemak jenuh %AKG tinggi (20.00%),0.3125,0,1,2,0,0,3,3.4,0.0,13.33,0.0,0.0,8.33,8.33,PT. Unilever Indonesia Tbk.
Gilus mix sensasi aroma pandan (isi 10 sachet),PT. TORABIKA EKA SEMESTA,1 g,90.0,1.0,21.0,0.5,17.0,0.0,0.0,4.19,1.67,6.46,0.75,0.0,0.0,0.0,2.0,7.0,5.0,0.0,0.0,1.0,0,1.0,Aman,Aman,Aman,Aman,Batasi,Batasi,gula sedang (17.00 g),0.0,0,0,0,0,1,1,3.4,1.54,0.67,4.88,0.0,0.0,0.0,PT. TORABIKA EKA SEMESTA
Sasa Santan Kelapa,PT. Sasa Inti,0 g,35.0,0.0,1.0,4.0,0.0,15.0,0.0,1.86,0.0,0.31,5.97,1.0,18.0,0.0,0.0,0.0,0.0,0.0,0.0,0.0,1,2.0,Aman,Aman,Batasi,Aman,Aman,Batasi,lemak jenuh %AKG sedang (18.00%),0.0375,0,0,1,0,0,1,1.32,0.0,5.33,0.23,0.0,1.0,1.0,PT. Sasa Inti
Sasa Santan Kelapa Coconut Cream,Tidak Diketahui,0 g,35.0,0.0,1.0,4.0,0.0,15.0,0.0,1.86,0.0,0.31,5.97,1.0,18.0,0.0,0.0,0.0,2.0,6.0,0.0,0.0,1,2.0,Aman,Aman,Batasi,Aman,Aman,Batasi,lemak jenuh %AKG sedang (18.00%),0.0375,0,0,1,0,0,1,1.32,0.0,5.33,0.23,0.0,1.0,1.0,Tidak Diketahui
Sasa Tepung Bakwan,Tidak Diketahui,0 g,0.0,1.0,8.0,0.0,1.0,150.0,0.0,1.63,1.67,2.46,0.0,10.0,0.0,10.0,2.0,3.0,0.0,0.0,0.0,0.0,1,2.0,Aman,Aman,Aman,Batasi,Aman,Batasi,natrium %AKG sedang (10.00%),0.375,0,0,0,1,0,1,0.0,1.54,0.0,1.86,0.0,10.0,10.0,Tidak Diketahui
Goldenfil Choco Crunchy,PT. Primarasa Abadi Sejahtera,1 g,30.0,1.0,13.0,6.0,10.0,20.0,0.0,5.12,1.67,4.0,8.96,1.33,18.0,0.0,0.0,0.0,6.0,9.0,0.0,1.0,0,1.0,Aman,Aman,Batasi,Aman,Batasi,Batasi,lemak jenuh %AKG sedang (18.00%); gula sedang (10.00 g),0.05,0,0,1,0,1,2,1.13,1.54,8.0,3.02,0.0,1.33,1.33,PT. Primarasa Abadi Sejahtera
san remo sauce tomato basil,PT. Sukanda djaya,2 g,96.0,2.0,11.5,4.6,7.4,0.0,0.0,4.47,3.33,3.54,6.87,0.0,0.0,0.0,0.0,4.0,5.0,7.0,0.0,2.0,0,2.0,Aman,Aman,Aman,Aman,Aman,Aman,kandungan pembatas relatif rendah,0.0,0,0,0,0,0,0,3.62,3.08,6.13,2.67,0.0,0.0,0.0,PT. Sukanda djaya
Silky Pudding Coklat,PT. Forisa Nusapersada,3 g,130.0,3.0,23.0,3.5,0.0,35.0,0.0,6.05,5.0,7.08,5.22,2.33,0.0,0.0,0.0,8.0,7.0,6.0,0.0,3.0,0,3.0,Aman,Aman,Aman,Aman,Aman,Aman,kandungan pembatas relatif rendah,0.0875,0,0,0,0,0,0,4.91,4.62,4.67,5.35,0.0,2.33,2.33,PT. Forisa Nusapersada
gastone lago poker wafer with hazelnut cream,Tidak Diketahui,1 g,130.0,1.0,17.0,6.0,0.0,35.0,0.0,6.05,1.67,5.23,8.96,2.33,0.0,0.0,0.0,6.0,7.0,9.0,0.0,1.0,0,1.0,Aman,Aman,Aman,Aman,Aman,Aman,kandungan pembatas relatif rendah,0.0875,0,0,0,0,0,0,4.91,1.54,8.0,3.95,0.0,2.33,2.33,Tidak Diketahui
Mom's Recipe Silky Pudding rasa peach (155 g),PT. Forisa Nusapersada,9 g,430.0,9.0,76.0,10.0,56.0,150.0,0.0,20.0,15.0,23.38,14.93,10.0,45.0,0.0,0.0,24.0,20.0,0.0,0.0,9.0,0,9.0,Waspada,Batasi,Waspada,Batasi,Waspada,Waspada,energi %AKG tinggi (20.00%); lemak total %AKG sedang (14.93%); lemak jenuh %AKG tinggi (45.00%); natrium %AKG sedang (10.00%); gula tinggi (56.00 g),0.375,2,1,2,1,2,8,16.23,13.85,13.33,17.67,0.0,10.0,10.0,PT. Forisa Nusapersada
Mom's Recipe Silky Pudding rasa biskuit (155 g),PT. Forisa Nusapersada,7 g,440.0,7.0,75.0,13.0,51.0,320.0,0.0,20.47,11.67,23.08,19.4,21.33,60.0,22.0,0.0,24.0,0.0,0.0,0.0,7.0,0,7.0,Waspada,Batasi,Waspada,Waspada,Waspada,Waspada,energi %AKG tinggi (20.47%); lemak total %AKG sedang (19.40%); lemak jenuh %AKG tinggi (60.00%); natrium %AKG tinggi (21.33%); gula tinggi (51.00 g),0.8,2,1,2,2,2,9,16.6,10.77,17.33,17.44,0.0,21.33,21.33,PT. Forisa Nusapersada
Mom's Recipe Silky Pudding rasa cokelat (155 g),PT. Forisa Nusapersada,3 g,130.0,3.0,23.0,3.5,17.0,35.0,0.0,6.05,5.0,7.08,5.22,2.33,15.0,0.0,0.0,8.0,7.0,0.0,0.0,3.0,0,3.0,Aman,Aman,Batasi,Aman,Batasi,Batasi,lemak jenuh %AKG sedang (15.00%); gula sedang (17.00 g),0.0875,0,0,1,0,1,2,4.91,4.62,4.67,5.35,0.0,2.33,2.33,PT. Forisa Nusapersada
Mom's Recipe Silky Pudding rasa permen karet (155 g),PT. Forisa Nusapersada,3 g,130.0,3.0,24.0,3.0,17.0,40.0,0.0,6.05,5.0,7.38,4.48,2.67,13.0,0.0,0.0,8.0,7.0,0.0,0.0,3.0,0,3.0,Aman,Aman,Batasi,Aman,Batasi,Batasi,lemak jenuh %AKG sedang (13.00%); gula sedang (17.00 g),0.1,0,0,1,0,1,2,4.91,4.62,4.0,5.58,0.0,2.67,2.67,PT. Forisa Nusapersada
Kewpie mayonais original,Tidak Diketahui,1 g,100.0,1.0,0.0,11.0,0.0,70.0,0.0,4.65,1.67,0.0,16.42,4.67,0.0,5.0,0.0,0.0,5.0,17.0,0.0,1.0,0,1.0,Aman,Batasi,Aman,Aman,Aman,Batasi,lemak total %AKG sedang (16.42%),0.175,0,1,0,0,0,1,3.77,1.54,14.67,0.0,0.0,4.67,4.67,Tidak Diketahui
Kewpie Thousand island,Tidak Diketahui,1 g,70.0,1.0,4.0,6.0,0.0,260.0,0.0,3.26,1.67,1.23,8.96,17.33,0.0,18.0,0.0,0.0,4.0,9.0,0.0,1.0,0,1.0,Aman,Aman,Aman,Batasi,Aman,Batasi,natrium %AKG sedang (17.33%),0.65,0,0,0,1,0,1,2.64,1.54,8.0,0.93,0.0,17.33,17.33,Tidak Diketahui
Kewpie Tomat pedas,Tidak Diketahui,1 g,80.0,1.0,5.0,6.0,0.0,350.0,0.0,3.72,1.67,1.54,8.96,23.33,0.0,24.0,0.0,0.0,4.0,9.0,0.0,1.0,0,1.0,Aman,Aman,Aman,Waspada,Aman,Waspada,natrium %AKG tinggi (23.33%),0.875,0,0,0,2,0,2,3.02,1.54,8.0,1.16,0.0,23.33,23.33,Tidak Diketahui
Kewpie Wijen sangrai,Tidak Diketahui,1 g,90.0,1.0,5.0,7.0,0.0,190.0,0.0,4.19,1.67,1.54,10.45,12.67,0.0,13.0,0.0,0.0,5.0,11.0,0.0,1.0,0,1.0,Aman,Batasi,Aman,Batasi,Aman,Batasi,lemak total %AKG sedang (10.45%); natrium %AKG sedang (12.67%),0.475,0,1,0,1,0,2,3.4,1.54,9.33,1.16,0.0,12.67,12.67,Tidak Diketahui
Happytos,Tidak Diketahui,1 g,144.0,2.0,16.0,7.0,0.0,0.0,1.0,6.7,3.33,4.92,10.45,0.0,0.0,0.0,0.0,0.0,7.0,11.0,0.0,1.0,0,1.0,Aman,Batasi,Aman,Aman,Aman,Batasi,lemak total %AKG sedang (10.45%),0.0,0,1,0,0,0,1,5.43,3.08,9.33,3.72,2.7,0.0,0.0,Tidak Diketahui
japato potato chips rasa happy honey butter,Tidak Diketahui,1 g,100.0,1.0,13.0,5.0,0.0,270.0,0.0,4.65,1.67,4.0,7.46,18.0,0.0,18.0,0.0,0.0,5.0,8.0,0.0,1.0,0,1.0,Aman,Aman,Aman,Batasi,Aman,Batasi,natrium %AKG sedang (18.00%),0.675,0,0,0,1,0,1,3.77,1.54,6.67,3.02,0.0,18.0,18.0,Tidak Diketahui
Happy Tos Corn Chips,Tidak Diketahui,1 g,130.0,2.0,16.0,6.0,1.0,100.0,1.0,6.05,3.33,4.92,8.96,6.67,13.0,7.0,0.0,0.0,0.0,9.0,0.0,1.0,0,1.0,Aman,Aman,Batasi,Aman,Aman,Batasi,lemak jenuh %AKG sedang (13.00%),0.25,0,0,1,0,0,1,4.91,3.08,8.0,3.72,2.7,6.67,6.67,Tidak Diketahui
Ayam brand tuna dalam air,PT. Ayam brand Indonesia,13 g,50.0,13.0,0.0,0.0,0.0,0.0,0.0,2.33,21.67,0.0,0.0,0.0,0.0,0.0,22.0,0.0,3.0,0.0,0.0,13.0,0,13.0,Aman,Aman,Aman,Aman,Aman,Aman,kandungan pembatas relatif rendah,0.0,0,0,0,0,0,0,1.89,20.0,0.0,0.0,0.0,0.0,0.0,PT. Ayam brand Indonesia
WRP lose weight meal replacement,PT. Nutrifood Indonesia,3 g,15.0,14.0,35.0,1.5,16.0,260.0,3.0,9.77,23.33,10.77,2.24,17.33,0.0,18.0,24.0,0.0,0.0,0.0,0.0,3.0,0,3.0,Aman,Aman,Aman,Batasi,Batasi,Batasi,natrium %AKG sedang (17.33%); gula sedang (16.00 g),0.65,0,0,0,1,1,2,0.57,21.54,2.0,8.14,8.11,17.33,17.33,PT. Nutrifood Indonesia
cemcem pilus rasa keju panggang,Tidak Diketahui,1 g,100.0,1.0,13.0,5.0,0.0,270.0,0.0,4.65,1.67,4.0,7.46,18.0,0.0,18.0,0.0,0.0,5.0,8.0,0.0,1.0,0,1.0,Aman,Aman,Aman,Batasi,Aman,Batasi,natrium %AKG sedang (18.00%),0.675,0,0,0,1,0,1,3.77,1.54,6.67,3.02,0.0,18.0,18.0,Tidak Diketahui
Pronas kornet ayam,PT. Canning Indonesia,2 g,70.0,5.0,5.0,3.0,0.0,0.0,2.0,3.26,8.33,1.54,4.48,0.0,0.0,0.0,9.0,0.0,0.0,5.0,7.0,2.0,0,2.0,Aman,Aman,Aman,Aman,Aman,Aman,kandungan pembatas relatif rendah,0.0,0,0,0,0,0,0,2.64,7.69,4.0,1.16,5.41,0.0,0.0,PT. Canning Indonesia
Esprecielo caramel macchiato,CV. Esprecielo International,0 g,110.0,1.0,17.0,4.0,10.0,0.0,0.0,5.12,1.67,5.23,5.97,0.0,0.0,0.0,0.0,6.0,6.0,6.0,0.0,0.0,1,2.0,Aman,Aman,Aman,Aman,Batasi,Batasi,gula sedang (10.00 g),0.0,0,0,0,0,1,1,4.15,1.54,5.33,3.95,0.0,0.0,0.0,CV. Esprecielo International
Piatos iga penyet,PT.URC,0 g,60.0,0.0,7.0,3.5,0.0,80.0,0.0,2.79,0.0,2.15,5.22,5.33,0.0,6.0,0.0,0.0,3.0,6.0,0.0,0.0,1,2.0,Aman,Aman,Aman,Aman,Aman,Aman,kandungan pembatas relatif rendah,0.2,0,0,0,0,0,0,2.26,0.0,4.67,1.63,0.0,5.33,5.33,PT. URC
piattos iga penyet,PT. URC Indonesia,1 g,60.0,1.0,13.0,7.0,0.0,160.0,0.0,5.58,1.67,4.0,10.45,10.67,15.0,11.0,0.0,0.0,0.0,11.0,0.0,1.0,0,1.0,Aman,Batasi,Batasi,Batasi,Aman,Batasi,lemak total %AKG sedang (10.45%); lemak jenuh %AKG sedang (15.00%); natrium %AKG sedang (10.67%),0.4,0,1,1,1,0,3,2.26,1.54,9.33,3.02,0.0,10.67,10.67,PT. URC Indonesia
Pia 100 Rasa Kacang Hijau,Tidak Diketahui,2 g,100.0,2.0,17.0,3.0,0.0,15.0,0.0,4.65,3.33,5.23,4.48,1.0,0.0,0.0,0.0,6.0,5.0,5.0,0.0,2.0,0,2.0,Aman,Aman,Aman,Aman,Aman,Aman,kandungan pembatas relatif rendah,0.0375,0,0,0,0,0,0,3.77,3.08,4.0,3.95,0.0,1.0,1.0,Tidak Diketahui
japato potato chips rasa rumput laut,Tidak Diketahui,1 g,150.0,1.0,15.0,10.0,0.0,150.0,0.0,6.98,1.67,4.62,14.93,10.0,0.0,10.0,0.0,0.0,7.0,15.0,0.0,1.0,0,1.0,Aman,Batasi,Aman,Batasi,Aman,Batasi,lemak total %AKG sedang (14.93%); natrium %AKG sedang (10.00%),0.375,0,1,0,1,0,2,5.66,1.54,13.33,3.49,0.0,10.0,10.0,Tidak Diketahui
Frozen food Puff Pastry Sheet,Tidak Diketahui,3 g,200.0,3.0,18.0,13.0,0.0,0.0,0.0,9.3,5.0,5.54,19.4,0.0,0.0,0.0,0.0,6.0,10.0,20.0,0.0,3.0,0,3.0,Aman,Batasi,Aman,Aman,Aman,Batasi,lemak total %AKG sedang (19.40%),0.0,0,1,0,0,0,1,7.55,4.62,17.33,4.19,0.0,0.0,0.0,Tidak Diketahui
Cheetos Puffs,PT. Frito Lay,0.90 g,160.0,2.0,16.0,10.0,0.9,0.0,0.9,7.44,3.33,4.92,14.93,0.0,0.0,0.0,0.0,5.0,8.0,15.0,0.0,0.9,0,0.9,Aman,Batasi,Aman,Aman,Aman,Batasi,lemak total %AKG sedang (14.93%),0.0,0,1,0,0,0,1,6.04,3.08,13.33,3.72,2.43,0.0,0.0,PT. Frito Lay
Promina puff rasa blueberry,Tidak Diketahui,1 g,80.0,1.0,10.0,3.0,0.0,0.0,0.0,3.72,1.67,3.08,4.48,0.0,0.0,0.0,0.0,4.0,4.0,5.0,0.0,1.0,0,1.0,Aman,Aman,Aman,Aman,Aman,Aman,kandungan pembatas relatif rendah,0.0,0,0,0,0,0,0,3.02,1.54,4.0,2.33,0.0,0.0,0.0,Tidak Diketahui
Floridina Orange Pulp & Coco Bitz,PT. Tirta Alam Segar,0 g,90.0,0.0,21.0,0.0,19.0,25.0,0.0,4.19,0.0,6.46,0.0,1.67,0.0,2.0,0.0,7.0,5.0,0.0,0.0,0.0,1,2.0,Aman,Aman,Aman,Aman,Batasi,Batasi,gula sedang (19.00 g),0.0625,0,0,0,0,1,1,3.4,0.0,0.0,4.88,0.0,1.67,1.67,PT. Tirta Alam Segar
Minute Maid Pulpy rasa jambu,PT. Coca-cola bottling indonesia,0 g,0.0,0.0,23.0,0.0,22.0,20.0,0.0,4.19,0.0,7.08,0.0,1.33,0.0,2.0,0.0,8.0,5.0,0.0,0.0,0.0,1,2.0,Aman,Aman,Aman,Aman,Waspada,Waspada,gula tinggi (22.00 g),0.05,0,0,0,0,2,2,0.0,0.0,0.0,5.35,0.0,1.33,1.33,PT. Coca-cola bottling indonesia
Minute Maid Pulpy rasa jeruk,PT. Coca-cola bottling indonesia,0 g,130.0,0.0,34.0,0.0,27.0,45.0,0.0,6.05,0.0,10.46,0.0,3.0,0.0,3.0,0.0,11.0,7.0,0.0,0.0,0.0,1,2.0,Aman,Aman,Aman,Aman,Waspada,Waspada,gula tinggi (27.00 g),0.1125,0,0,0,0,2,2,4.91,0.0,0.0,7.91,0.0,3.0,3.0,PT. Coca-cola bottling indonesia
Minute Maid Pulpy rasa anggur dengan nata de coco,PT. Coca-cola bottling indonesia,0 g,0.0,0.0,28.0,0.0,24.0,10.0,0.0,5.12,0.0,8.62,0.0,0.67,0.0,1.0,0.0,9.0,6.0,0.0,0.0,0.0,1,2.0,Aman,Aman,Aman,Aman,Waspada,Waspada,gula tinggi (24.00 g),0.025,0,0,0,0,2,2,0.0,0.0,0.0,6.51,0.0,0.67,0.67,PT. Coca-cola bottling indonesia
Jawara cabai tabur jambal,Tidak Diketahui,0 g,10.0,0.0,2.0,0.0,0.0,150.0,0.0,0.47,0.0,0.62,0.0,10.0,0.0,10.0,0.0,1.0,1.0,0.0,0.0,0.0,1,2.0,Aman,Aman,Aman,Batasi,Aman,Batasi,natrium %AKG sedang (10.00%),0.375,0,0,0,1,0,1,0.38,0.0,0.0,0.47,0.0,10.0,10.0,Tidak Diketahui
Jawara cabai tabur bawang goreng,Tidak Diketahui,0 g,10.0,0.0,2.0,0.0,0.0,150.0,0.0,0.47,0.0,0.62,0.0,10.0,0.0,10.0,0.0,1.0,1.0,0.0,0.0,0.0,1,2.0,Aman,Aman,Aman,Batasi,Aman,Batasi,natrium %AKG sedang (10.00%),0.375,0,0,0,1,0,1,0.38,0.0,0.0,0.47,0.0,10.0,10.0,Tidak Diketahui
Red Bull,Tidak Diketahui,0 g,112.0,0.0,28.0,0.0,0.0,0.0,0.0,5.21,0.0,8.62,0.0,0.0,0.0,0.0,0.0,9.0,6.0,0.0,0.0,0.0,1,2.0,Aman,Aman,Aman,Aman,Aman,Aman,kandungan pembatas relatif rendah,0.0,0,0,0,0,0,0,4.23,0.0,0.0,6.51,0.0,0.0,0.0,Tidak Diketahui
OREO SOFT CAKE,PT. Kraft foods Indonesia,1 g,80.0,1.0,8.0,5.0,0.0,50.0,0.0,3.72,1.67,2.46,7.46,3.33,0.0,4.0,0.0,0.0,4.0,8.0,0.0,1.0,0,1.0,Aman,Aman,Aman,Aman,Aman,Aman,kandungan pembatas relatif rendah,0.125,0,0,0,0,0,0,3.02,1.54,6.67,1.86,0.0,3.33,3.33,PT. Kraft foods Indonesia
Koko krunch,PT. Nestle Indonesia,1 g,110.0,2.0,23.0,1.0,9.0,0.0,1.0,5.12,3.33,7.08,1.49,0.0,0.0,0.0,4.0,8.0,6.0,0.0,0.0,1.0,0,1.0,Aman,Aman,Aman,Aman,Aman,Aman,kandungan pembatas relatif rendah,0.0,0,0,0,0,0,0,4.15,3.08,1.33,5.35,2.7,0.0,0.0,PT. Nestle Indonesia
Krupuk udang Ny. Siok (mentah),Tidak Diketahui,2 g,70.0,2.0,16.0,0.0,2.0,260.0,0.0,3.26,3.33,4.92,0.0,17.33,0.0,18.0,4.0,5.0,0.0,0.0,0.0,2.0,0,2.0,Aman,Aman,Aman,Batasi,Aman,Batasi,natrium %AKG sedang (17.33%),0.65,0,0,0,1,0,1,2.64,3.08,0.0,3.72,0.0,17.33,17.33,Tidak Diketahui
Cookies Oat krunch coklat gelap,PT. Munchy's Indonesia,2 g,120.0,2.0,18.0,4.5,6.0,0.0,2.0,5.58,3.33,5.54,6.72,0.0,0.0,0.0,0.0,0.0,6.0,7.0,7.0,2.0,0,2.0,Aman,Aman,Aman,Aman,Aman,Aman,kandungan pembatas relatif rendah,0.0,0,0,0,0,0,0,4.53,3.08,6.0,4.19,5.41,0.0,0.0,PT. Munchy's Indonesia
Folabee rasa coklat,PT. Serena Indopangan Industri,2 g,25.0,3.0,26.0,5.0,9.0,190.0,2.0,7.44,5.0,8.0,7.46,12.67,13.0,13.0,0.0,8.0,0.0,0.0,0.0,2.0,0,2.0,Aman,Aman,Batasi,Batasi,Aman,Batasi,lemak jenuh %AKG sedang (13.00%); natrium %AKG sedang (12.67%),0.475,0,0,1,1,0,2,0.94,4.62,6.67,6.05,5.41,12.67,12.67,PT. Serena Indopangan Industri
Pop Ice Rasa Cokelat,Tidak Diketahui,1 g,10.0,1.0,22.0,1.0,17.0,35.0,0.0,4.65,1.67,6.77,1.49,2.33,0.0,3.0,0.0,7.0,5.0,0.0,0.0,1.0,0,1.0,Aman,Aman,Aman,Aman,Batasi,Batasi,gula sedang (17.00 g),0.0875,0,0,0,0,1,1,0.38,1.54,1.33,5.12,0.0,2.33,2.33,Tidak Diketahui
Matcha Tea Latte,Tidak Diketahui,6.50 g,190.0,6.5,31.5,4.0,30.0,0.0,0.0,8.84,10.83,9.69,5.97,0.0,0.0,0.0,11.0,10.0,9.0,0.0,0.0,6.5,0,6.5,Aman,Aman,Aman,Aman,Waspada,Waspada,gula tinggi (30.00 g),0.0,0,0,0,0,2,2,7.17,10.0,5.33,7.33,0.0,0.0,0.0,Tidak Diketahui
Susu Slim dan fit coklat,PT. Kalbe Nutritional,5 g,200.0,15.0,30.0,3.0,12.0,0.0,5.0,9.3,25.0,9.23,4.48,0.0,0.0,0.0,25.0,0.0,10.0,0.0,17.0,5.0,0,5.0,Aman,Aman,Aman,Aman,Batasi,Batasi,gula sedang (12.00 g),0.0,0,0,0,0,1,1,7.55,23.08,4.0,6.98,13.51,0.0,0.0,PT. Kalbe Nutritional
Susu Slim dan fit vanila,PT. Kalbe Nutritional,5 g,200.0,15.0,30.0,2.5,13.0,0.0,5.0,9.3,25.0,9.23,3.73,0.0,0.0,0.0,25.0,0.0,10.0,0.0,17.0,5.0,0,5.0,Aman,Aman,Aman,Aman,Batasi,Batasi,gula sedang (13.00 g),0.0,0,0,0,0,1,1,7.55,23.08,3.33,6.98,13.51,0.0,0.0,PT. Kalbe Nutritional
Fitmee mie goreng Korea,PT. FIT,3 g,150.0,1.0,29.0,4.0,6.0,400.0,3.0,6.98,1.67,8.92,5.97,26.67,0.0,27.0,0.0,9.0,0.0,0.0,10.0,3.0,0,3.0,Aman,Aman,Aman,Waspada,Aman,Waspada,natrium %AKG tinggi (26.67%),1.0,0,0,0,2,0,2,5.66,1.54,5.33,6.74,8.11,26.67,26.67,PT. FIT
Fitmee rasa soto,PT. FIT,2 g,60.0,0.0,10.0,2.0,2.0,430.0,2.0,2.79,0.0,3.08,2.99,28.67,0.0,29.0,0.0,4.0,0.0,0.0,7.0,2.0,0,2.0,Aman,Aman,Aman,Waspada,Aman,Waspada,natrium %AKG tinggi (28.67%),1.075,0,0,0,2,0,2,2.26,0.0,2.67,2.33,5.41,28.67,28.67,PT. FIT
san remo pasta sauce spaghetti (mentah),PT. Sukanda djaya,3.80 g,457.0,15.0,90.0,2.5,3.1,0.0,3.8,21.26,25.0,27.69,3.73,0.0,0.0,0.0,25.0,28.0,22.0,0.0,0.0,3.8,0,3.8,Waspada,Aman,Aman,Aman,Aman,Waspada,energi %AKG tinggi (21.26%),0.0,2,0,0,0,0,2,17.25,23.08,3.33,20.93,10.27,0.0,0.0,PT. Sukanda djaya
Pasta La fonte spaghetti with mushroom sauce,PT. Indofood CBP Sukses Makmur Tbk.,3 g,340.0,8.0,60.0,4.0,7.0,0.0,3.0,15.81,13.33,18.46,5.97,0.0,0.0,0.0,14.0,19.0,16.0,0.0,0.0,3.0,0,3.0,Batasi,Aman,Aman,Aman,Aman,Batasi,energi %AKG sedang (15.81%),0.0,1,0,0,0,0,1,12.83,12.31,5.33,13.95,8.11,0.0,0.0,PT. Indofood CBP Sukses Makmur Tbk.
Pasta La fonte spaghetti with chicken sauce,PT. Indofood CBP Sukses Makmur Tbk.,4 g,340.0,10.0,57.0,8.0,0.0,0.0,4.0,15.81,16.67,17.54,11.94,0.0,0.0,0.0,17.0,18.0,16.0,0.0,0.0,4.0,0,4.0,Batasi,Batasi,Aman,Aman,Aman,Batasi,energi %AKG sedang (15.81%); lemak total %AKG sedang (11.94%),0.0,1,1,0,0,0,2,12.83,15.38,10.67,13.26,10.81,0.0,0.0,PT. Indofood CBP Sukses Makmur Tbk.
tini mini biti,Tidak Diketahui,1 g,60.0,1.0,8.0,2.5,0.0,140.0,0.0,2.79,1.67,2.46,3.73,9.33,0.0,10.0,0.0,0.0,3.0,4.0,0.0,1.0,0,1.0,Aman,Aman,Aman,Aman,Aman,Aman,kandungan pembatas relatif rendah,0.35,0,0,0,0,0,0,2.26,1.54,3.33,1.86,0.0,9.33,9.33,Tidak Diketahui
Yogurt greek yummy strawberry,PT. Heavenly nutrition indonesia,8 g,120.0,8.0,16.0,3.0,9.0,70.0,0.0,5.58,13.33,4.92,4.48,4.67,0.0,0.0,14.0,5.0,6.0,0.0,0.0,8.0,0,8.0,Aman,Aman,Aman,Aman,Aman,Aman,kandungan pembatas relatif rendah,0.175,0,0,0,0,0,0,4.53,12.31,4.0,3.72,0.0,4.67,4.67,PT. Heavenly nutrition indonesia
Mayumi saus creamy serbaguna rasa pedas (180 g),PT. AJINOMOTO INDONESIA,591 g,100.0,0.0,3.0,10.0,3.0,270.0,0.0,4.65,0.0,0.92,14.93,18.0,0.0,18.0,0.0,0.0,0.0,0.0,0.0,591.0,0,591.0,Aman,Batasi,Aman,Batasi,Aman,Batasi,lemak total %AKG sedang (14.93%); natrium %AKG sedang (18.00%),0.675,0,1,0,1,0,2,3.77,0.0,13.33,0.7,0.0,18.0,18.0,PT. AJINOMOTO INDONESIA
Yummy bites Originak,CV. KUSUMA FOOD INDONESIA,2 g,50.0,2.0,8.0,1.0,2.0,35.0,0.0,2.33,3.33,2.46,1.49,2.33,0.0,3.0,4.0,3.0,0.0,0.0,0.0,2.0,0,2.0,Aman,Aman,Aman,Aman,Aman,Aman,kandungan pembatas relatif rendah,0.0875,0,0,0,0,0,0,1.89,3.08,1.33,1.86,0.0,2.33,2.33,CV. KUSUMA FOOD INDONESIA
Doritos Nacho Cheese,Tidak Diketahui,2 g,100.0,2.0,12.0,5.0,0.0,125.0,0.0,4.65,3.33,3.69,7.46,8.33,0.0,9.0,0.0,0.0,5.0,8.0,0.0,2.0,0,2.0,Aman,Aman,Aman,Aman,Aman,Aman,kandungan pembatas relatif rendah,0.3125,0,0,0,0,0,0,3.77,3.08,6.67,2.79,0.0,8.33,8.33,Tidak Diketahui
Teh botol sosro tawar,PT. Mayora Indah Tbk.,0 g,0.0,0.0,0.0,0.0,0.0,0.0,0.0,0.0,0.0,0.0,0.0,0.0,0.0,0.0,0.0,0.0,0.0,0.0,0.0,0.0,1,2.0,Aman,Aman,Aman,Aman,Aman,Aman,kandungan pembatas relatif rendah,0.0,0,0,0,0,0,0,0.0,0.0,0.0,0.0,0.0,0.0,0.0,PT. Mayora Indah Tbk.
Keju Castello Brie,PT. Jerindo Jaya Abadi,0 g,73.0,5.0,0.03,6.0,0.03,0.0,0.0,3.4,8.33,0.01,8.96,0.0,0.0,0.0,9.0,0.0,4.0,9.0,0.0,0.0,1,2.0,Aman,Aman,Aman,Aman,Aman,Aman,kandungan pembatas relatif rendah,0.0,0,0,0,0,0,0,2.75,7.69,8.0,0.01,0.0,0.0,0.0,PT. Jerindo Jaya Abadi
Keju Castello camembert,Tidak Diketahui,5 g,73.0,5.0,0.03,6.0,0.03,0.0,0.0,3.4,8.33,0.01,8.96,0.0,0.0,0.0,9.0,0.0,4.0,9.0,0.0,5.0,0,5.0,Aman,Aman,Aman,Aman,Aman,Aman,kandungan pembatas relatif rendah,0.0,0,0,0,0,0,0,2.75,7.69,8.0,0.01,0.0,0.0,0.0,Tidak Diketahui
Diabetasol sweetener,PT. Kalbe Nutritional,0 g,0.0,0.0,1.0,0.0,0.0,0.0,0.0,0.0,0.0,0.31,0.0,0.0,0.0,0.0,0.0,1.0,0.0,0.0,0.0,0.0,1,2.0,Aman,Aman,Aman,Aman,Aman,Aman,kandungan pembatas relatif rendah,0.0,0,0,0,0,0,0,0.0,0.0,0.0,0.23,0.0,0.0,0.0,PT. Kalbe Nutritional
MILO cereal,PT. Nestle Indonesia,2 g,110.0,2.0,23.0,1.0,9.0,0.0,2.0,5.12,3.33,7.08,1.49,0.0,0.0,0.0,0.0,8.0,6.0,0.0,7.0,2.0,0,2.0,Aman,Aman,Aman,Aman,Aman,Aman,kandungan pembatas relatif rendah,0.0,0,0,0,0,0,0,4.15,3.08,1.33,5.35,5.41,0.0,0.0,PT. Nestle Indonesia
Ayam brand chilli tuna,PT. Ayam brand Indonesia,8 g,100.0,8.0,3.0,6.0,2.0,0.0,0.0,4.65,13.33,0.92,8.96,0.0,0.0,0.0,14.0,0.0,5.0,9.0,0.0,8.0,0,8.0,Aman,Aman,Aman,Aman,Aman,Aman,kandungan pembatas relatif rendah,0.0,0,0,0,0,0,0,3.77,12.31,8.0,0.7,0.0,0.0,0.0,PT. Ayam brand Indonesia
Chili Cheese Fries ( 1 porsi),Tidak Diketahui,6 g,500.0,16.0,53.0,25.0,4.0,0.0,6.0,23.26,26.67,16.31,37.31,0.0,0.0,0.0,27.0,0.0,24.0,38.0,0.0,6.0,0,6.0,Waspada,Waspada,Aman,Aman,Aman,Waspada,energi %AKG tinggi (23.26%); lemak total %AKG tinggi (37.31%),0.0,2,2,0,0,0,4,18.87,24.62,33.33,12.33,16.22,0.0,0.0,Tidak Diketahui
hilo teen,PT.Nutrifood indonesia,6 g,25.0,6.0,33.0,2.5,26.0,135.0,0.0,8.37,10.0,10.15,3.73,9.0,0.0,0.0,0.0,0.0,0.0,0.0,0.0,6.0,0,6.0,Aman,Aman,Aman,Aman,Waspada,Waspada,gula tinggi (26.00 g),0.3375,0,0,0,0,2,2,0.94,9.23,3.33,7.67,0.0,9.0,9.0,PT. Nutrifood indonesia
Gemez Enaak Snack Mi,PT. Siantar Top,2 g,40.0,2.0,13.0,4.0,0.0,240.0,0.0,4.65,3.33,4.0,5.97,16.0,0.0,16.0,0.0,0.0,0.0,6.0,0.0,2.0,0,2.0,Aman,Aman,Aman,Batasi,Aman,Batasi,natrium %AKG sedang (16.00%),0.6,0,0,0,1,0,1,1.51,3.08,5.33,3.02,0.0,16.0,16.0,PT. Siantar Top
TEH KOTAK JASMINE TEA,"PT. ULTRAJAYA MILK INDUSTRY & TRANDING CO,,TBK",0 g,100.0,0.0,26.0,0.0,26.0,15.0,0.0,4.65,0.0,8.0,0.0,1.0,0.0,1.0,0.0,8.0,5.0,0.0,0.0,0.0,1,2.0,Aman,Aman,Aman,Aman,Waspada,Waspada,gula tinggi (26.00 g),0.0375,0,0,0,0,2,2,3.77,0.0,0.0,6.05,0.0,1.0,1.0,"PT. ULTRAJAYA MILK INDUSTRY & TRANDING CO, Tbk."
Yupi Gummy Pizza,PT. Yupi Indo Jelly Gum,1 g,0.0,1.0,12.0,0.0,8.0,0.0,0.0,2.33,1.67,3.69,0.0,0.0,0.0,0.0,2.0,4.0,3.0,0.0,0.0,1.0,0,1.0,Aman,Aman,Aman,Aman,Aman,Aman,kandungan pembatas relatif rendah,0.0,0,0,0,0,0,0,0.0,1.54,0.0,2.79,0.0,0.0,0.0,PT. Yupi Indo Jelly Gum
Kuaci Rebo salted caramel,PT. Gumindo Bogamanis,1 g,50.0,2.0,1.0,4.0,0.0,90.0,1.0,2.33,3.33,0.31,5.97,6.0,0.0,6.0,0.0,0.0,0.0,6.0,4.0,1.0,0,1.0,Aman,Aman,Aman,Aman,Aman,Aman,kandungan pembatas relatif rendah,0.225,0,0,0,0,0,0,1.89,3.08,5.33,0.23,2.7,6.0,6.0,PT. Gumindo Bogamanis
san remo pasta sauce wholemeal (mentah),PT. Sukanda djaya,11 g,452.0,19.0,78.0,4.0,4.0,0.0,11.0,21.02,31.67,24.0,5.97,0.0,0.0,0.0,32.0,24.0,0.0,0.0,37.0,11.0,0,11.0,Waspada,Aman,Aman,Aman,Aman,Waspada,energi %AKG tinggi (21.02%),0.0,2,0,0,0,0,2,17.06,29.23,5.33,18.14,29.73,0.0,0.0,PT. Sukanda djaya
san remo pasta sauce spinach fettuccine(mentah),PT. Sukanda djaya,6 g,457.0,15.0,89.0,2.5,4.0,0.0,6.0,21.26,25.0,27.38,3.73,0.0,0.0,0.0,25.0,28.0,22.0,0.0,0.0,6.0,0,6.0,Waspada,Aman,Aman,Aman,Aman,Waspada,energi %AKG tinggi (21.26%),0.0,2,0,0,0,0,2,17.25,23.08,3.33,20.7,16.22,0.0,0.0,PT. Sukanda djaya
Indomie salted Egg,PT. Indofood CBP Sukses Makmur Tbk.,2 g,480.0,11.0,53.0,25.0,6.0,0.0,2.0,22.33,18.33,16.31,37.31,0.0,0.0,0.0,19.0,0.0,23.0,38.0,0.0,2.0,0,2.0,Waspada,Waspada,Aman,Aman,Aman,Waspada,energi %AKG tinggi (22.33%); lemak total %AKG tinggi (37.31%),0.0,2,2,0,0,0,4,18.11,16.92,33.33,12.33,5.41,0.0,0.0,PT. Indofood CBP Sukses Makmur Tbk.
Sirup Sunquick Mango,PT.Lasallefood,0 g,45.0,0.0,10.0,0.0,9.0,0.0,0.0,2.09,0.0,3.08,0.0,0.0,0.0,0.0,0.0,4.0,3.0,0.0,0.0,0.0,1,2.0,Aman,Aman,Aman,Aman,Aman,Aman,kandungan pembatas relatif rendah,0.0,0,0,0,0,0,0,1.7,0.0,0.0,2.33,0.0,0.0,0.0,PT. Lasallefood
Nugget Ayam Akumo,PT. CHAROEN POKPHAND,13 g,340.0,13.0,30.0,19.0,0.0,610.0,0.0,15.81,21.67,9.23,28.36,40.67,40.0,41.0,0.0,0.0,0.0,29.0,0.0,13.0,0,13.0,Batasi,Waspada,Waspada,Waspada,Aman,Waspada,energi %AKG sedang (15.81%); lemak total %AKG tinggi (28.36%); lemak jenuh %AKG tinggi (40.00%); natrium %AKG tinggi (40.67%),1.525,1,2,2,2,0,7,12.83,20.0,25.33,6.98,0.0,40.67,40.67,PT. CHAROEN POKPHAND
NUtrijell Balanced Color Delima,PT. Forisa Nusapersada,1 g,0.0,0.0,3.0,0.0,1.0,15.0,1.0,0.47,0.0,0.92,0.0,1.0,0.0,1.0,0.0,1.0,0.0,0.0,4.0,1.0,0,1.0,Aman,Aman,Aman,Aman,Aman,Aman,kandungan pembatas relatif rendah,0.0375,0,0,0,0,0,0,0.0,0.0,0.0,0.7,2.7,1.0,1.0,PT. Forisa Nusapersada
Ellenka Fiber Creme,PT. Sarana Karya Utama,1 g,10.0,0.0,2.0,1.0,0.0,5.0,1.0,0.7,0.0,0.62,1.49,0.33,5.0,0.0,0.0,0.0,0.0,2.0,4.0,1.0,0,1.0,Aman,Aman,Aman,Aman,Aman,Aman,kandungan pembatas relatif rendah,0.0125,0,0,0,0,0,0,0.38,0.0,1.33,0.47,2.7,0.33,0.33,PT. Sarana Karya Utama
Teh pucuk harum,PT. Mayora Indah Tbk.,0 g,140.0,0.0,36.0,0.0,36.0,0.0,0.0,6.51,0.0,11.08,0.0,0.0,0.0,0.0,0.0,12.0,7.0,0.0,0.0,0.0,1,2.0,Aman,Aman,Aman,Aman,Waspada,Waspada,gula tinggi (36.00 g),0.0,0,0,0,0,2,2,5.28,0.0,0.0,8.37,0.0,0.0,0.0,PT. Mayora Indah Tbk.
Ladaku Merica Bubuk,Tidak Diketahui,0 g,10.0,0.0,2.0,0.0,0.0,0.0,0.0,0.47,0.0,0.62,0.0,0.0,0.0,0.0,0.0,1.0,1.0,0.0,0.0,0.0,1,2.0,Aman,Aman,Aman,Aman,Aman,Aman,kandungan pembatas relatif rendah,0.0,0,0,0,0,0,0,0.38,0.0,0.0,0.47,0.0,0.0,0.0,Tidak Diketahui
gerry salut malkist rasa chocolate,PT.Garudafood Putra Putri Jaya,2 g,130.0,2.0,19.0,5.0,5.0,120.0,0.0,6.05,3.33,5.85,7.46,8.0,13.0,8.0,0.0,0.0,0.0,8.0,0.0,2.0,0,2.0,Aman,Aman,Batasi,Aman,Aman,Batasi,lemak jenuh %AKG sedang (13.00%),0.3,0,0,1,0,0,1,4.91,3.08,6.67,4.42,0.0,8.0,8.0,PT. Garudafood Putra Putri Jaya
Teh frestea,Tidak Diketahui,0 g,160.0,0.0,40.0,0.0,36.0,0.0,0.0,7.44,0.0,12.31,0.0,0.0,0.0,0.0,0.0,13.0,8.0,0.0,0.0,0.0,1,2.0,Aman,Aman,Aman,Aman,Waspada,Waspada,gula tinggi (36.00 g),0.0,0,0,0,0,2,2,6.04,0.0,0.0,9.3,0.0,0.0,0.0,Tidak Diketahui
Coklat Ritter Sport Whole Almonds,PT. Nirwana Lestari,3 g,140.0,3.0,13.0,9.0,9.0,0.0,0.0,6.51,5.0,4.0,13.43,0.0,0.0,0.0,5.0,0.0,7.0,14.0,0.0,3.0,0,3.0,Aman,Batasi,Aman,Aman,Aman,Batasi,lemak total %AKG sedang (13.43%),0.0,0,1,0,0,0,1,5.28,4.62,12.0,3.02,0.0,0.0,0.0,PT. Nirwana Lestari
Quaker 3 in 1,PT. Yellow Pages,1 g,120.0,1.0,22.0,3.0,11.0,0.0,1.0,5.58,1.67,6.77,4.48,0.0,0.0,0.0,0.0,7.0,6.0,5.0,0.0,1.0,0,1.0,Aman,Aman,Aman,Aman,Batasi,Batasi,gula sedang (11.00 g),0.0,0,0,0,0,1,1,4.53,1.54,4.0,5.12,2.7,0.0,0.0,PT. Yellow Pages
Heavenly Kitchen Thai Tea Latte,PT. Heavenly nutrition indonesia,1 g,100.0,1.0,19.0,2.5,0.0,70.0,0.0,4.65,1.67,5.85,3.73,4.67,0.0,5.0,0.0,6.0,5.0,0.0,0.0,1.0,0,1.0,Aman,Aman,Aman,Aman,Aman,Aman,kandungan pembatas relatif rendah,0.175,0,0,0,0,0,0,3.77,1.54,3.33,4.42,0.0,4.67,4.67,PT. Heavenly nutrition indonesia
Milkita Assorted Milk Candy,PT. United Family Food,0 g,15.0,0.0,14.0,1.5,9.0,5.0,0.0,3.26,0.0,4.31,2.24,0.33,0.0,0.0,0.0,5.0,4.0,3.0,0.0,0.0,1,2.0,Aman,Aman,Aman,Aman,Aman,Aman,kandungan pembatas relatif rendah,0.0125,0,0,0,0,0,0,0.57,0.0,2.0,3.26,0.0,0.33,0.33,PT. United Family Food
beng beng shake it,Tidak Diketahui,1 g,45.0,1.0,6.0,2.5,0.0,20.0,0.0,2.09,1.67,1.85,3.73,1.33,0.0,0.0,0.0,2.0,3.0,4.0,0.0,1.0,0,1.0,Aman,Aman,Aman,Aman,Aman,Aman,kandungan pembatas relatif rendah,0.05,0,0,0,0,0,0,1.7,1.54,3.33,1.4,0.0,1.33,1.33,Tidak Diketahui
Tepung bumbu kobe kentucky super crispy,PT. Kobe Boga Utama,1 g,70.0,2.0,14.0,0.0,1.0,0.0,1.0,3.26,3.33,4.31,0.0,0.0,0.0,0.0,4.0,5.0,0.0,0.0,4.0,1.0,0,1.0,Aman,Aman,Aman,Aman,Aman,Aman,kandungan pembatas relatif rendah,0.0,0,0,0,0,0,0,2.64,3.08,0.0,3.26,2.7,0.0,0.0,PT. Kobe Boga Utama
Tepung bumbu kobe bakwan & perkedel,PT. Kobe Boga Utama,2 g,70.0,2.0,15.0,0.0,1.0,0.0,2.0,3.26,3.33,4.62,0.0,0.0,0.0,0.0,4.0,5.0,0.0,0.0,7.0,2.0,0,2.0,Aman,Aman,Aman,Aman,Aman,Aman,kandungan pembatas relatif rendah,0.0,0,0,0,0,0,0,2.64,3.08,0.0,3.49,5.41,0.0,0.0,PT. Kobe Boga Utama
Tepung bumbu kobe pisang goreng,PT. Kobe Boga Utama,2 g,70.0,1.0,16.0,0.0,2.0,0.0,2.0,3.26,1.67,4.92,0.0,0.0,0.0,0.0,0.0,5.0,4.0,0.0,7.0,2.0,0,2.0,Aman,Aman,Aman,Aman,Aman,Aman,kandungan pembatas relatif rendah,0.0,0,0,0,0,0,0,2.64,1.54,0.0,3.72,5.41,0.0,0.0,PT. Kobe Boga Utama
Tepung bumbu kobe bumbu kalasan,PT. Kobe Boga Utama,1 g,70.0,0.0,15.0,0.0,3.0,0.0,1.0,3.26,0.0,4.62,0.0,0.0,0.0,0.0,0.0,5.0,4.0,0.0,4.0,1.0,0,1.0,Aman,Aman,Aman,Aman,Aman,Aman,kandungan pembatas relatif rendah,0.0,0,0,0,0,0,0,2.64,0.0,0.0,3.49,2.7,0.0,0.0,PT. Kobe Boga Utama
Tepung bumbu kobe tempe goreng,PT. Kobe Boga Utama,1 g,70.0,2.0,14.0,0.0,1.0,0.0,1.0,3.26,3.33,4.31,0.0,0.0,0.0,0.0,4.0,5.0,0.0,0.0,4.0,1.0,0,1.0,Aman,Aman,Aman,Aman,Aman,Aman,kandungan pembatas relatif rendah,0.0,0,0,0,0,0,0,2.64,3.08,0.0,3.26,2.7,0.0,0.0,PT. Kobe Boga Utama
Haverjoy Havermix Instant Oats & Choco Chips,Tidak Diketahui,4 g,25.0,4.0,25.0,3.0,0.0,10.0,0.0,6.51,6.67,7.69,4.48,0.67,0.0,0.0,7.0,8.0,0.0,0.0,0.0,4.0,0,4.0,Aman,Aman,Aman,Aman,Aman,Aman,kandungan pembatas relatif rendah,0.025,0,0,0,0,0,0,0.94,6.15,4.0,5.81,0.0,0.67,0.67,Tidak Diketahui
Haverjoy Rolled Oats,Tidak Diketahui,4 g,140.0,4.0,24.0,3.5,0.0,0.0,0.0,6.51,6.67,7.38,5.22,0.0,0.0,0.0,7.0,8.0,7.0,0.0,0.0,4.0,0,4.0,Aman,Aman,Aman,Aman,Aman,Aman,kandungan pembatas relatif rendah,0.0,0,0,0,0,0,0,5.28,6.15,4.67,5.58,0.0,0.0,0.0,Tidak Diketahui
Susu kedelai V Soy,PT. Sukanda djaya,8 g,188.0,8.0,21.0,8.5,15.0,0.0,0.0,8.74,13.33,6.46,12.69,0.0,0.0,0.0,14.0,0.0,9.0,13.0,0.0,8.0,0,8.0,Aman,Batasi,Aman,Aman,Batasi,Batasi,lemak total %AKG sedang (12.69%); gula sedang (15.00 g),0.0,0,1,0,0,1,2,7.09,12.31,11.33,4.88,0.0,0.0,0.0,PT. Sukanda djaya
Soyjoy,PT. Amerta indah otsuka,5 g,150.0,5.0,12.0,9.0,7.0,0.0,5.0,6.98,8.33,3.69,13.43,0.0,0.0,0.0,9.0,0.0,0.0,14.0,17.0,5.0,0,5.0,Aman,Batasi,Aman,Aman,Aman,Batasi,lemak total %AKG sedang (13.43%),0.0,0,1,0,0,0,1,5.66,7.69,12.0,2.79,13.51,0.0,0.0,PT. Amerta indah otsuka
Soylicious sweetened,Tidak Diketahui,7 g,70.0,7.0,6.0,3.5,0.0,0.0,0.0,3.26,11.67,1.85,5.22,0.0,0.0,0.0,12.0,0.0,4.0,6.0,0.0,7.0,0,7.0,Aman,Aman,Aman,Aman,Aman,Aman,kandungan pembatas relatif rendah,0.0,0,0,0,0,0,0,2.64,10.77,4.67,1.4,0.0,0.0,0.0,Tidak Diketahui
Cadbury Dairy Milk Oreo,PT. Cadbury Indonesia,2 g,100.0,2.0,17.0,11.0,13.0,60.0,0.0,7.91,3.33,5.23,16.42,4.0,30.0,0.0,0.0,0.0,8.0,17.0,0.0,2.0,0,2.0,Aman,Batasi,Waspada,Aman,Batasi,Waspada,lemak total %AKG sedang (16.42%); lemak jenuh %AKG tinggi (30.00%); gula sedang (13.00 g),0.15,0,1,2,0,1,4,3.77,3.08,14.67,3.95,0.0,4.0,4.0,PT. Cadbury Indonesia
Top Avocado Coffee,PT.Wings food,1 g,90.0,1.0,15.0,3.0,10.0,25.0,0.0,4.19,1.67,4.62,4.48,1.67,15.0,0.0,0.0,5.0,0.0,5.0,0.0,1.0,0,1.0,Aman,Aman,Batasi,Aman,Batasi,Batasi,lemak jenuh %AKG sedang (15.00%); gula sedang (10.00 g),0.0625,0,0,1,0,1,2,3.4,1.54,4.0,3.49,0.0,1.67,1.67,PT. Wings food
Anlene (cokelat),PT. Fonterra brands,7 g,135.0,7.0,21.0,3.0,20.0,0.0,0.0,6.28,11.67,6.46,4.48,0.0,0.0,0.0,12.0,7.0,7.0,0.0,0.0,7.0,0,7.0,Aman,Aman,Aman,Aman,Waspada,Waspada,gula tinggi (20.00 g),0.0,0,0,0,0,2,2,5.09,10.77,4.0,4.88,0.0,0.0,0.0,PT. Fonterra brands
Energen sereal cokelat,PT. Mayora Indah Tbk.,1 g,130.0,1.0,23.0,3.5,17.0,0.0,1.0,6.05,1.67,7.08,5.22,0.0,0.0,0.0,0.0,8.0,7.0,6.0,0.0,1.0,0,1.0,Aman,Aman,Aman,Aman,Batasi,Batasi,gula sedang (17.00 g),0.0,0,0,0,0,1,1,4.91,1.54,4.67,5.35,2.7,0.0,0.0,PT. Mayora Indah Tbk.
Nutrive Benecol,PT. Kalbe Nutritional,0 g,60.0,1.0,9.0,2.0,4.0,0.0,0.0,2.79,1.67,2.77,2.99,0.0,0.0,0.0,0.0,3.0,3.0,3.0,0.0,0.0,1,2.0,Aman,Aman,Aman,Aman,Aman,Aman,kandungan pembatas relatif rendah,0.0,0,0,0,0,0,0,2.26,1.54,2.67,2.09,0.0,0.0,0.0,PT. Kalbe Nutritional
Indomie tengkleng,PT. Indofood CBP Sukses Makmur Tbk.,7 g,350.0,9.0,45.0,14.0,2.0,0.0,7.0,16.28,15.0,13.85,20.9,0.0,0.0,0.0,0.0,0.0,17.0,21.0,24.0,7.0,0,7.0,Batasi,Waspada,Aman,Aman,Aman,Waspada,energi %AKG sedang (16.28%); lemak total %AKG tinggi (20.90%),0.0,1,2,0,0,0,3,13.21,13.85,18.67,10.47,18.92,0.0,0.0,PT. Indofood CBP Sukses Makmur Tbk.
Jules drestrooper speculoos,Tidak Diketahui,3 g,545.0,3.0,53.0,35.0,41.0,600.0,0.0,25.35,5.0,16.31,52.24,40.0,0.0,40.0,0.0,0.0,26.0,53.0,0.0,3.0,0,3.0,Waspada,Waspada,Aman,Waspada,Waspada,Waspada,energi %AKG tinggi (25.35%); lemak total %AKG tinggi (52.24%); natrium %AKG tinggi (40.00%); gula tinggi (41.00 g),1.5,2,2,0,2,2,8,20.57,4.62,46.67,12.33,0.0,40.0,40.0,Tidak Diketahui
Selai Smucker's Blueberry,PT. Sonton Food Indonesia,0 g,50.0,0.0,13.0,0.0,12.0,0.0,0.0,2.33,0.0,4.0,0.0,0.0,0.0,0.0,0.0,4.0,3.0,0.0,0.0,0.0,1,2.0,Aman,Aman,Aman,Aman,Batasi,Batasi,gula sedang (12.00 g),0.0,0,0,0,0,1,1,1.89,0.0,0.0,3.02,0.0,0.0,0.0,PT. Sonton Food Indonesia
Gilus mix aroma vanila (isi 10 sachet),PT. TORABIKA EKA SEMESTA,1 g,90.0,1.0,21.0,0.5,17.0,0.0,0.0,4.19,1.67,6.46,0.75,0.0,0.0,0.0,2.0,7.0,5.0,0.0,0.0,1.0,0,1.0,Aman,Aman,Aman,Aman,Batasi,Batasi,gula sedang (17.00 g),0.0,0,0,0,0,1,1,3.4,1.54,0.67,4.88,0.0,0.0,0.0,PT. TORABIKA EKA SEMESTA
Saus Curry,Tidak Diketahui,1 g,70.0,1.0,7.0,4.5,5.0,0.0,1.0,3.26,1.67,2.15,6.72,0.0,0.0,0.0,0.0,0.0,4.0,7.0,4.0,1.0,0,1.0,Aman,Aman,Aman,Aman,Aman,Aman,kandungan pembatas relatif rendah,0.0,0,0,0,0,0,0,2.64,1.54,6.0,1.63,2.7,0.0,0.0,Tidak Diketahui
Bihunku white curry,PT. Tiga Pilar Sejahtera Food Tbk,2 g,220.0,2.0,38.0,6.0,4.0,0.0,0.0,10.23,3.33,11.69,8.96,0.0,0.0,0.0,0.0,12.0,11.0,9.0,0.0,2.0,0,2.0,Batasi,Aman,Aman,Aman,Aman,Batasi,energi %AKG sedang (10.23%),0.0,1,0,0,0,0,1,8.3,3.08,8.0,8.84,0.0,0.0,0.0,PT. Tiga Pilar Sejahtera Food Tbk.
Coolant minuman,PT. Sari Enesis Indonesia,0 g,100.0,0.0,25.0,0.0,23.0,0.0,0.0,4.65,0.0,7.69,0.0,0.0,0.0,0.0,0.0,8.0,5.0,0.0,0.0,0.0,1,2.0,Aman,Aman,Aman,Aman,Waspada,Waspada,gula tinggi (23.00 g),0.0,0,0,0,0,2,2,3.77,0.0,0.0,5.81,0.0,0.0,0.0,PT. Sari Enesis Indonesia
Etira singkong stik,PT.Etira Champimer Indonesia,3 g,170.0,1.0,40.0,1.0,0.0,0.0,3.0,7.91,1.67,12.31,1.49,0.0,0.0,0.0,0.0,13.0,8.0,0.0,10.0,3.0,0,3.0,Aman,Aman,Aman,Aman,Aman,Aman,kandungan pembatas relatif rendah,0.0,0,0,0,0,0,0,6.42,1.54,1.33,9.3,8.11,0.0,0.0,PT. Etira Champimer Indonesia
Sariroti roti sobek coklat,PT. Wilmar Nabati Indonesia,2 g,370.0,7.0,56.0,13.0,17.0,250.0,2.0,17.21,11.67,17.23,19.4,16.67,0.0,0.0,0.0,18.0,18.0,20.0,0.0,2.0,0,2.0,Batasi,Batasi,Aman,Batasi,Batasi,Batasi,energi %AKG sedang (17.21%); lemak total %AKG sedang (19.40%); natrium %AKG sedang (16.67%); gula sedang (17.00 g),0.625,1,1,0,1,1,4,13.96,10.77,17.33,13.02,5.41,16.67,16.67,PT. Wilmar Nabati Indonesia
Roti Mr.Bread sobek keju,Tidak Diketahui,5 g,200.0,5.0,33.0,6.0,0.0,250.0,0.0,9.3,8.33,10.15,8.96,16.67,0.0,17.0,0.0,11.0,10.0,0.0,0.0,5.0,0,5.0,Aman,Aman,Aman,Batasi,Aman,Batasi,natrium %AKG sedang (16.67%),0.625,0,0,0,1,0,1,7.55,7.69,8.0,7.67,0.0,16.67,16.67,Tidak Diketahui
Roti Sobek Cokelat Keju Sari Roti,Tidak Diketahui,6 g,350.0,9.0,51.0,12.0,16.0,500.0,6.0,16.28,15.0,15.69,17.91,33.33,30.0,34.0,0.0,0.0,0.0,0.0,20.0,6.0,0,6.0,Batasi,Batasi,Waspada,Waspada,Batasi,Waspada,energi %AKG sedang (16.28%); lemak total %AKG sedang (17.91%); lemak jenuh %AKG tinggi (30.00%); natrium %AKG tinggi (33.33%); gula sedang (16.00 g),1.25,1,1,2,2,1,7,13.21,13.85,16.0,11.86,16.22,33.33,33.33,Tidak Diketahui
YUPI BOLICIOUS VERY STRAWBERRY,Tidak Diketahui,1 g,50.0,1.0,12.0,0.0,0.0,5.0,0.0,2.33,1.67,3.69,0.0,0.33,0.0,0.0,2.0,4.0,3.0,0.0,0.0,1.0,0,1.0,Aman,Aman,Aman,Aman,Aman,Aman,kandungan pembatas relatif rendah,0.0125,0,0,0,0,0,0,1.89,1.54,0.0,2.79,0.0,0.33,0.33,Tidak Diketahui
Yupi Fruit Bites,PT. Yupi Indo Jelly Gum,1 g,0.0,1.0,12.0,0.0,6.0,0.0,0.0,2.33,1.67,3.69,0.0,0.0,0.0,0.0,2.0,4.0,3.0,0.0,0.0,1.0,0,1.0,Aman,Aman,Aman,Aman,Aman,Aman,kandungan pembatas relatif rendah,0.0,0,0,0,0,0,0,0.0,1.54,0.0,2.79,0.0,0.0,0.0,PT. Yupi Indo Jelly Gum
chicken nugget,Tidak Diketahui,15.58 g,297.0,15.58,16.32,18.82,0.0,574.0,0.0,13.81,25.97,5.02,28.09,38.27,0.0,39.0,26.0,0.0,0.0,29.0,0.0,15.58,0,15.58,Batasi,Waspada,Aman,Waspada,Aman,Waspada,energi %AKG sedang (13.81%); lemak total %AKG tinggi (28.09%); natrium %AKG tinggi (38.27%),1.435,1,2,0,2,0,5,11.21,23.97,25.09,3.8,0.0,38.27,38.27,Tidak Diketahui
belfoods chicken Nugget crunch,PT. Belfoods Indonesia,15 g,290.0,15.0,15.0,19.0,0.0,460.0,0.0,13.49,25.0,4.62,28.36,30.67,0.0,31.0,25.0,0.0,0.0,29.0,0.0,15.0,0,15.0,Batasi,Waspada,Aman,Waspada,Aman,Waspada,energi %AKG sedang (13.49%); lemak total %AKG tinggi (28.36%); natrium %AKG tinggi (30.67%),1.15,1,2,0,2,0,5,10.94,23.08,25.33,3.49,0.0,30.67,30.67,PT. Belfoods Indonesia
Champ Combination Chicken Nugget,PT. Charoen Pokphand Indonesia Tbk.,12 g,90.0,12.0,8.0,20.0,0.0,720.0,0.0,11.63,20.0,2.46,29.85,48.0,50.0,48.0,0.0,0.0,0.0,30.0,0.0,12.0,0,12.0,Batasi,Waspada,Waspada,Waspada,Aman,Waspada,energi %AKG sedang (11.63%); lemak total %AKG tinggi (29.85%); lemak jenuh %AKG tinggi (50.00%); natrium %AKG tinggi (48.00%),1.8,1,2,2,2,0,7,3.4,18.46,26.67,1.86,0.0,48.0,48.0,PT. Charoen Pokphand Indonesia Tbk.
Swallow Globe Agar Agar Bubuk Vanilla,PT. Agarindo Bogatama,0 g,5.0,0.0,2.0,0.0,0.0,0.0,0.0,0.23,0.0,0.62,0.0,0.0,0.0,0.0,0.0,1.0,1.0,0.0,0.0,0.0,1,2.0,Aman,Aman,Aman,Aman,Aman,Aman,kandungan pembatas relatif rendah,0.0,0,0,0,0,0,0,0.19,0.0,0.0,0.47,0.0,0.0,0.0,PT. Agarindo Bogatama
V-soy Soya bean Milk Low Sugar,PT. Sukanda djaya,2.70 g,56.0,2.7,5.2,2.7,2.2,0.0,0.0,2.6,4.5,1.6,4.03,0.0,6.0,0.0,5.0,0.0,0.0,5.0,0.0,2.7,0,2.7,Aman,Aman,Aman,Aman,Aman,Aman,kandungan pembatas relatif rendah,0.0,0,0,0,0,0,0,2.11,4.15,3.6,1.21,0.0,0.0,0.0,PT. Sukanda djaya
Prenagen Esensis,PT.Sanghiang perkasa,6 g,150.0,6.0,29.0,1.0,0.0,150.0,0.0,6.98,10.0,8.92,1.49,10.0,0.0,10.0,10.0,9.0,0.0,0.0,0.0,6.0,0,6.0,Aman,Aman,Aman,Batasi,Aman,Batasi,natrium %AKG sedang (10.00%),0.375,0,0,0,1,0,1,5.66,9.23,1.33,6.74,0.0,10.0,10.0,PT. Sanghiang perkasa
